# Blender 5.2.2 LTS
# www.blender.org
mtllib v1.mtl
o armn
v -0.257686 -1.169199 -0.089417
v -0.257686 -1.169199 0.083762
v -0.229843 -1.049794 0.083763
v -0.229843 -1.049794 -0.089416
v -0.234365 -1.022408 0.083762
v -0.234365 -1.022408 -0.089416
v -0.256928 -1.006241 0.083763
v -0.256928 -1.006241 -0.089416
v -0.284313 -1.010762 0.083763
v -0.284313 -1.010763 -0.089416
v -0.300481 -1.033325 0.083763
v -0.300481 -1.033323 -0.089415
v -0.323744 -1.139033 0.083763
v -0.323744 -1.139033 -0.089415
v -0.238034 -1.258509 0.084883
v -0.219680 -1.179797 0.084884
v -0.219680 -1.179797 -0.090537
v -0.238034 -1.258509 -0.090537
v -0.254754 -1.371848 -0.064653
v -0.254755 -1.371847 0.059000
v -0.246079 -1.251868 0.081619
v -0.246079 -1.251867 -0.087272
v 0.116840 -0.990031 -0.002826
v 0.136800 -0.943517 -0.002826
v 0.118039 -0.943517 -0.072839
v 0.100754 -0.990031 -0.062860
v 0.066786 -0.943516 -0.124094
v 0.056806 -0.990030 -0.106808
v -0.003228 -0.990031 -0.122894
v -0.003228 -0.943516 -0.142853
v -0.003228 -0.990031 -0.122894
v -0.003228 -0.943516 -0.142853
v -0.073241 -0.943515 -0.124094
v -0.063262 -0.990029 -0.106808
v -0.107209 -0.990029 -0.062860
v -0.124495 -0.943515 -0.072839
v -0.123296 -0.990029 -0.002826
v -0.143255 -0.943514 -0.002826
v -0.124495 -0.943514 0.067188
v -0.107209 -0.990029 0.057208
v -0.063262 -0.990030 0.101155
v -0.073241 -0.943516 0.118441
v -0.003228 -0.990030 0.117242
v -0.003228 -0.943516 0.137201
v 0.066786 -0.943517 0.118441
v 0.056806 -0.990031 0.101155
v 0.100754 -0.990030 0.057208
v 0.118039 -0.943516 0.067188
v 0.100754 -0.990030 0.057208
v -0.003228 -0.990030 0.117242
v 0.056806 -0.990031 0.101155
v -0.003228 -0.990031 -0.122894
v 0.116840 -0.990031 -0.002826
v 0.100754 -0.990031 -0.062860
v 0.056806 -0.990030 -0.106808
v -0.107209 -0.990029 0.057208
v -0.063262 -0.990030 0.101155
v -0.123296 -0.990029 -0.002826
v -0.107209 -0.990029 -0.062860
v -0.063262 -0.990029 -0.106808
v -0.257686 -1.169199 0.083762
v -0.323744 -1.139033 0.083763
v -0.229843 -1.049794 0.083763
v -0.300481 -1.033325 0.083763
v -0.234365 -1.022408 0.083762
v -0.284313 -1.010762 0.083763
v -0.256928 -1.006241 0.083763
v 0.135643 -0.367388 -0.048505
v 0.135643 -0.290559 -0.048505
v 0.112150 -0.290559 -0.042209
v 0.112150 -0.367388 -0.042210
v 0.094952 -0.290559 -0.025012
v 0.094952 -0.367388 -0.025011
v 0.088657 -0.290559 -0.001519
v 0.088657 -0.367389 -0.001519
v 0.088657 -0.367389 -0.001519
v 0.088657 -0.290559 -0.001519
v 0.094952 -0.290559 0.021974
v 0.094952 -0.367388 0.021975
v 0.112150 -0.290559 0.039171
v 0.112150 -0.367388 0.039172
v 0.135643 -0.290558 0.045466
v 0.135643 -0.367388 0.045466
v 0.159136 -0.290559 0.039171
v 0.159136 -0.367388 0.039172
v 0.176334 -0.367388 0.021975
v 0.176334 -0.290559 0.021974
v 0.182628 -0.290559 -0.001519
v 0.182628 -0.367389 -0.001519
v 0.176334 -0.290559 -0.025012
v 0.176334 -0.367388 -0.025011
v 0.159136 -0.290559 -0.042209
v 0.159136 -0.367388 -0.042209
v 0.129491 -0.367388 -0.001521
v 0.129491 -0.277885 -0.001521
v 0.111646 -0.277885 -0.068122
v 0.111646 -0.367389 -0.068122
v 0.062891 -0.277884 -0.116876
v 0.062891 -0.367389 -0.116877
v -0.003709 -0.277884 -0.134721
v -0.003709 -0.367388 -0.134721
v -0.003709 -0.367388 -0.134721
v -0.003709 -0.277884 -0.134721
v -0.070310 -0.277884 -0.116876
v -0.070310 -0.367388 -0.116877
v -0.119066 -0.277885 -0.068122
v -0.119066 -0.367389 -0.068122
v -0.136911 -0.277885 -0.001521
v -0.136911 -0.367388 -0.001521
v -0.119066 -0.277884 0.065080
v -0.119066 -0.367388 0.065080
v -0.070310 -0.367389 0.113835
v -0.070310 -0.277884 0.113836
v -0.003709 -0.277884 0.131681
v -0.003709 -0.367388 0.131681
v 0.062891 -0.277884 0.113836
v 0.062891 -0.367389 0.113835
v 0.111646 -0.277884 0.065080
v 0.111646 -0.367388 0.065080
v 0.220958 -0.437179 0.158866
v 0.231601 -0.350852 0.085834
v 0.260402 -0.437179 0.081450
v 0.196457 -0.350852 0.154805
v 0.159520 -0.437178 0.220302
v 0.141720 -0.350852 0.209543
v 0.082106 -0.437179 0.259747
v 0.072747 -0.350852 0.244686
v -0.003709 -0.437179 0.273339
v -0.003709 -0.350852 0.256795
v -0.080166 -0.350852 0.244686
v -0.089524 -0.437179 0.259747
v -0.149139 -0.350852 0.209543
v -0.166939 -0.437178 0.220302
v -0.203876 -0.350853 0.154806
v -0.228376 -0.437179 0.158866
v -0.239019 -0.350852 0.085834
v -0.267820 -0.437179 0.081450
v -0.003709 -0.350852 0.256795
v 0.141720 -0.350852 0.209543
v 0.072747 -0.350852 0.244686
v 0.196457 -0.350852 0.154805
v -0.239019 -0.350852 0.085834
v 0.231601 -0.350852 0.085834
v -0.149139 -0.350852 0.209543
v -0.080166 -0.350852 0.244686
v -0.203876 -0.350853 0.154806
v -0.136911 -0.277885 -0.001521
v -0.070310 -0.277884 0.113836
v -0.119066 -0.277884 0.065080
v 0.062891 -0.277884 0.113836
v -0.003709 -0.277884 0.131681
v 0.129491 -0.277885 -0.001521
v -0.070310 -0.277884 -0.116876
v -0.119066 -0.277885 -0.068122
v 0.111646 -0.277884 0.065080
v 0.062891 -0.277884 -0.116876
v 0.111646 -0.277885 -0.068122
v -0.003709 -0.277884 -0.134721
v 0.036981 -0.290559 -0.117383
v 0.043276 -0.290559 -0.140874
v 0.043276 -0.367389 -0.140874
v 0.036981 -0.367388 -0.117382
v 0.019783 -0.290559 -0.100184
v 0.019783 -0.367388 -0.100184
v -0.003709 -0.290559 -0.093888
v -0.003709 -0.367388 -0.093889
v -0.027203 -0.290559 -0.100184
v -0.003709 -0.290559 -0.093888
v -0.003709 -0.367388 -0.093889
v -0.027203 -0.367388 -0.100184
v -0.044400 -0.290559 -0.117382
v -0.044400 -0.367388 -0.117382
v -0.050695 -0.290559 -0.140874
v -0.050695 -0.367389 -0.140874
v -0.044400 -0.290559 -0.164367
v -0.044400 -0.367389 -0.164367
v -0.027203 -0.367389 -0.181565
v -0.027203 -0.290559 -0.181566
v -0.003709 -0.290559 -0.187860
v -0.003709 -0.367389 -0.187860
v 0.019783 -0.290559 -0.181566
v 0.019783 -0.367389 -0.181565
v 0.036981 -0.290559 -0.164368
v 0.036981 -0.367389 -0.164367
v 0.019783 -0.290559 -0.100184
v 0.019783 -0.290559 -0.181566
v 0.036981 -0.290559 -0.117383
v 0.043276 -0.290559 -0.140874
v 0.036981 -0.290559 -0.164368
v -0.003709 -0.290559 -0.187860
v -0.044400 -0.290559 -0.164367
v -0.027203 -0.290559 -0.181566
v -0.050695 -0.290559 -0.140874
v -0.044400 -0.290559 -0.117382
v -0.027203 -0.290559 -0.100184
v -0.003709 -0.290559 -0.093888
v -0.183755 -0.290559 -0.025012
v -0.183755 -0.290559 0.021974
v -0.190049 -0.290559 -0.001519
v -0.166557 -0.290559 0.039171
v -0.143064 -0.290560 0.045467
v -0.102373 -0.290559 0.021974
v -0.102373 -0.290559 -0.025012
v -0.096079 -0.290559 -0.001519
v -0.119571 -0.290559 0.039171
v -0.143064 -0.290559 -0.048505
v -0.166557 -0.290559 -0.042209
v -0.119571 -0.290559 -0.042209
v 0.135643 -0.290558 0.045466
v 0.176334 -0.290559 0.021974
v 0.159136 -0.290559 0.039171
v 0.176334 -0.290559 -0.025012
v 0.182628 -0.290559 -0.001519
v 0.094952 -0.290559 0.021974
v 0.112150 -0.290559 0.039171
v 0.094952 -0.290559 -0.025012
v 0.088657 -0.290559 -0.001519
v 0.135643 -0.290559 -0.048505
v 0.159136 -0.290559 -0.042209
v 0.112150 -0.290559 -0.042209
v -0.126830 -0.323955 0.026600
v -0.143064 -0.323954 0.030949
v -0.143064 -0.192908 0.030949
v -0.126830 -0.192907 0.026600
v -0.114945 -0.323955 0.014715
v -0.114945 -0.192907 0.014715
v -0.110596 -0.323955 -0.001519
v -0.110596 -0.192908 -0.001519
v -0.114945 -0.323955 -0.017753
v -0.110596 -0.323955 -0.001519
v -0.110596 -0.192908 -0.001519
v -0.114945 -0.192907 -0.017753
v -0.126830 -0.323955 -0.029637
v -0.126830 -0.192908 -0.029638
v -0.143064 -0.323955 -0.033988
v -0.143064 -0.192908 -0.033988
v -0.159298 -0.323955 -0.029637
v -0.159298 -0.192908 -0.029638
v -0.171183 -0.323955 -0.017753
v -0.171183 -0.192907 -0.017753
v -0.175533 -0.323955 -0.001519
v -0.175533 -0.192908 -0.001519
v -0.171183 -0.192907 0.014715
v -0.171183 -0.323955 0.014715
v -0.159298 -0.323955 0.026600
v -0.159298 -0.192907 0.026600
v -0.153899 0.178694 -0.001521
v -0.153899 0.165086 0.066880
v -0.153899 0.165086 -0.069923
v -0.153899 0.126341 -0.127903
v -0.153899 0.126342 0.124868
v -0.153899 0.068356 0.163615
v -0.153899 0.068356 -0.166656
v -0.153899 -0.000045 -0.180261
v -0.153899 -0.000044 0.177219
v -0.153899 -0.068443 -0.166656
v -0.153899 -0.126431 -0.127903
v -0.153899 -0.068445 0.163615
v -0.153899 -0.126431 0.124869
v -0.153899 -0.165175 -0.069922
v -0.153899 -0.165175 0.066880
v -0.153899 -0.178780 -0.001521
v -0.153899 0.165086 0.066880
v 0.146478 0.165086 0.066880
v 0.146478 0.126342 0.124868
v -0.153899 0.126342 0.124868
v 0.146478 0.068356 0.163615
v -0.153899 0.068356 0.163615
v 0.146478 -0.000044 0.177219
v -0.153899 -0.000044 0.177219
v 0.146478 -0.068445 0.163615
v -0.153899 -0.068445 0.163615
v 0.146478 -0.126431 0.124869
v -0.153899 -0.126431 0.124869
v 0.146478 -0.165175 0.066880
v -0.153899 -0.165175 0.066880
v 0.146478 -0.178780 -0.001521
v -0.153899 -0.178780 -0.001521
v -0.153899 -0.178780 -0.001521
v 0.146478 -0.178780 -0.001521
v 0.146478 -0.165175 -0.069922
v -0.153899 -0.165175 -0.069922
v 0.146478 -0.126431 -0.127903
v -0.153899 -0.126431 -0.127903
v 0.146478 -0.068445 -0.166656
v -0.153899 -0.068443 -0.166656
v 0.146478 -0.000045 -0.180261
v -0.153899 -0.000045 -0.180261
v 0.146478 0.068356 -0.166656
v -0.153899 0.068356 -0.166656
v 0.146478 0.126341 -0.127903
v -0.153899 0.126341 -0.127903
v 0.146478 0.165086 -0.069923
v -0.153899 0.165086 -0.069923
v 0.146478 0.178694 -0.001521
v -0.153899 0.178694 -0.001521
v 0.146478 0.165086 -0.069923
v 0.146478 0.165086 0.066880
v 0.146478 0.178694 -0.001521
v 0.146478 0.068356 0.163615
v 0.146478 -0.165175 0.066880
v 0.146478 -0.068445 0.163615
v 0.146478 -0.126431 0.124869
v 0.146478 -0.000044 0.177219
v 0.146478 0.126342 0.124868
v 0.146478 0.068356 -0.166656
v 0.146478 0.126341 -0.127903
v 0.146478 -0.068445 -0.166656
v 0.146478 -0.165175 -0.069922
v 0.146478 -0.178780 -0.001521
v 0.146478 -0.000045 -0.180261
v 0.146478 -0.126431 -0.127903
v 0.062891 -0.214594 0.113835
v -0.070310 -0.214594 0.113835
v -0.003710 -0.214593 0.131680
v 0.129491 -0.214594 -0.001521
v 0.111645 -0.214593 0.065081
v -0.136912 -0.214594 -0.001521
v -0.119066 -0.214593 0.065081
v -0.070310 -0.214593 -0.116876
v -0.003710 -0.214594 -0.134722
v -0.119066 -0.214593 -0.068121
v 0.062891 -0.214593 -0.116876
v 0.111645 -0.214593 -0.068121
v -0.034562 -0.001020 0.125421
v -0.050695 -0.201918 0.137833
v -0.044400 -0.201919 0.114340
v -0.030429 -0.001019 0.109994
v -0.027203 -0.201919 0.097141
v -0.019137 -0.001019 0.098701
v -0.003710 -0.201918 0.090847
v -0.003710 -0.001019 0.094567
v -0.003710 -0.201918 0.090847
v 0.011716 -0.001019 0.098701
v -0.003710 -0.001019 0.094567
v 0.019783 -0.201919 0.097141
v 0.023010 -0.001019 0.109994
v 0.036981 -0.201919 0.114340
v 0.027143 -0.001020 0.125421
v 0.043276 -0.201918 0.137833
v 0.023010 -0.001019 0.140848
v 0.036981 -0.201919 0.161326
v 0.011716 -0.001019 0.152140
v 0.019783 -0.201919 0.178523
v -0.003710 -0.001019 0.156274
v -0.003710 -0.201919 0.184818
v -0.027203 -0.201919 0.178523
v -0.019137 -0.001019 0.152140
v -0.044400 -0.201919 0.161326
v -0.030429 -0.001019 0.140848
v 0.181076 0.048641 0.116018
v 0.181076 -0.048730 0.116018
v 0.181076 -0.000044 0.125702
v 0.181076 0.117491 -0.050208
v 0.181076 0.117491 0.047164
v 0.181076 0.127176 -0.001521
v 0.181076 -0.117579 0.047165
v 0.181076 -0.090003 0.088440
v 0.181076 0.089914 0.088440
v 0.181076 0.048641 -0.119060
v 0.181076 0.089914 -0.091476
v 0.181076 -0.048730 -0.119060
v 0.181076 -0.117580 -0.050207
v 0.181076 -0.127264 -0.001521
v 0.181076 -0.090003 -0.091476
v 0.181076 -0.000044 -0.128743
v -0.044400 -0.201919 -0.117382
v -0.050695 -0.201919 -0.140874
v -0.034562 -0.001019 -0.128462
v -0.030429 -0.001019 -0.113035
v -0.027203 -0.201919 -0.100184
v -0.019137 -0.001020 -0.101743
v -0.003710 -0.201919 -0.093888
v -0.003710 -0.001019 -0.097610
v -0.003710 -0.201919 -0.093888
v -0.003710 -0.001019 -0.097610
v 0.011716 -0.001020 -0.101743
v 0.019783 -0.201919 -0.100184
v 0.023010 -0.001019 -0.113035
v 0.036981 -0.201919 -0.117382
v 0.027143 -0.001019 -0.128462
v 0.043276 -0.201919 -0.140874
v 0.023010 -0.001020 -0.143889
v 0.036981 -0.201919 -0.164368
v 0.011716 -0.001020 -0.155181
v 0.019783 -0.201919 -0.181565
v -0.003710 -0.001019 -0.159315
v -0.003710 -0.201919 -0.187860
v -0.027203 -0.201919 -0.181565
v -0.019137 -0.001020 -0.155181
v -0.044400 -0.201919 -0.164368
v -0.030429 -0.001020 -0.143889
v -0.027203 -0.201919 0.097141
v 0.019783 -0.201919 0.097141
v -0.003710 -0.201918 0.090847
v 0.036981 -0.201919 0.114340
v 0.043276 -0.201918 0.137833
v -0.027203 -0.201919 0.178523
v -0.050695 -0.201918 0.137833
v -0.044400 -0.201919 0.161326
v -0.044400 -0.201919 0.114340
v -0.003710 -0.201919 0.184818
v 0.019783 -0.201919 0.178523
v 0.036981 -0.201919 0.161326
v 0.019783 -0.201919 -0.100184
v -0.027203 -0.201919 -0.100184
v -0.003710 -0.201919 -0.093888
v -0.044400 -0.201919 -0.117382
v -0.050695 -0.201919 -0.140874
v 0.019783 -0.201919 -0.181565
v 0.043276 -0.201919 -0.140874
v 0.036981 -0.201919 -0.164368
v 0.036981 -0.201919 -0.117382
v -0.003710 -0.201919 -0.187860
v -0.027203 -0.201919 -0.181565
v -0.044400 -0.201919 -0.164368
v -0.102373 -0.201919 -0.025012
v -0.102373 -0.201919 0.021974
v -0.096079 -0.201920 -0.001519
v -0.119571 -0.201919 0.039171
v -0.143064 -0.201919 0.045466
v -0.183755 -0.201919 0.021974
v -0.183755 -0.201919 -0.025012
v -0.190050 -0.201920 -0.001519
v -0.166557 -0.201919 0.039171
v -0.143064 -0.201919 -0.048505
v -0.119571 -0.201918 -0.042210
v -0.166557 -0.201918 -0.042210
v 0.112149 -0.201918 -0.042210
v 0.135643 -0.201919 -0.048505
v 0.123231 -0.001019 -0.032372
v 0.107804 -0.001019 -0.028239
v 0.094952 -0.201919 -0.025012
v 0.096511 -0.001019 -0.016946
v 0.088657 -0.201919 -0.001520
v 0.092378 -0.001019 -0.001520
v 0.096511 -0.001020 0.013908
v 0.088657 -0.201919 -0.001520
v 0.092378 -0.001019 -0.001520
v 0.094952 -0.201919 0.021974
v 0.107804 -0.001020 0.025200
v 0.112149 -0.201919 0.039171
v 0.123231 -0.001020 0.029334
v 0.135643 -0.201919 0.045466
v 0.138658 -0.001020 0.025200
v 0.159136 -0.201919 0.039171
v 0.149950 -0.001020 0.013908
v 0.176333 -0.201919 0.021974
v 0.154084 -0.001019 -0.001520
v 0.182628 -0.201919 -0.001520
v 0.176333 -0.201919 -0.025012
v 0.149950 -0.001019 -0.016946
v 0.159136 -0.201918 -0.042210
v 0.138658 -0.001019 -0.028239
v 0.094952 -0.201919 0.021974
v 0.094952 -0.201919 -0.025012
v 0.088657 -0.201919 -0.001520
v 0.176333 -0.201919 0.021974
v 0.135643 -0.201919 0.045466
v 0.159136 -0.201919 0.039171
v 0.112149 -0.201919 0.039171
v 0.176333 -0.201919 -0.025012
v 0.182628 -0.201919 -0.001520
v 0.135643 -0.201919 -0.048505
v 0.112149 -0.201918 -0.042210
v 0.159136 -0.201918 -0.042210
v -0.096079 -0.201920 -0.001519
v -0.099799 -0.001020 -0.001518
v -0.103932 -0.001019 -0.016946
v -0.102373 -0.201919 -0.025012
v -0.115225 -0.001019 -0.028239
v -0.119571 -0.201918 -0.042210
v -0.130652 -0.001019 -0.032372
v -0.143064 -0.201919 -0.048505
v -0.146078 -0.001019 -0.028239
v -0.166557 -0.201918 -0.042210
v -0.157372 -0.001019 -0.016946
v -0.183755 -0.201919 -0.025012
v -0.161505 -0.001020 -0.001518
v -0.190050 -0.201920 -0.001519
v -0.183755 -0.201919 0.021974
v -0.157372 -0.001020 0.013908
v -0.166557 -0.201919 0.039171
v -0.146078 -0.001020 0.025200
v -0.143064 -0.201919 0.045466
v -0.130652 -0.001020 0.029334
v -0.119571 -0.201919 0.039171
v -0.115225 -0.001020 0.025200
v -0.102373 -0.201919 0.021974
v -0.103932 -0.001020 0.013908
v -0.096079 -0.201920 -0.001519
v -0.099799 -0.001020 -0.001518
v -0.188495 -0.000044 -0.128743
v -0.188495 0.048641 -0.119060
v -0.188495 -0.048730 -0.119060
v -0.188495 -0.117579 0.047165
v -0.188495 -0.127264 -0.001521
v -0.188495 -0.117580 -0.050207
v -0.188495 0.117491 -0.050208
v -0.188495 0.089914 -0.091476
v -0.188495 -0.090003 -0.091476
v -0.188495 0.127176 -0.001521
v -0.188495 0.117491 0.047164
v -0.188495 0.048641 0.116018
v -0.188495 -0.048730 0.116018
v -0.188495 -0.090003 0.088440
v -0.188495 -0.000044 0.125702
v -0.188495 0.089914 0.088440
v 0.083360 -1.169202 0.251629
v 0.083360 -1.139037 0.317689
v 0.083361 -1.049797 0.223789
v 0.083361 -1.033327 0.294426
v 0.083361 -1.022411 0.228311
v 0.083361 -1.010765 0.278259
v 0.083361 -1.006243 0.250873
v 0.251226 -1.169203 -0.089416
v 0.317286 -1.139038 -0.089415
v 0.223387 -1.049798 -0.089416
v 0.294023 -1.033328 -0.089416
v 0.227909 -1.022412 -0.089416
v 0.277857 -1.010767 -0.089416
v 0.250471 -1.006245 -0.089416
v -0.089817 -1.010763 0.278259
v -0.089817 -1.022409 0.228311
v -0.089817 -1.006242 0.250873
v -0.089818 -1.049795 0.223789
v -0.089818 -1.033325 0.294426
v -0.089818 -1.139035 0.317689
v -0.089819 -1.169200 0.251629
v -0.089819 -1.169200 0.251629
v 0.083360 -1.169202 0.251629
v 0.083361 -1.049797 0.223789
v -0.089818 -1.049795 0.223789
v 0.083361 -1.022411 0.228311
v -0.089817 -1.022409 0.228311
v 0.083361 -1.006243 0.250873
v -0.089817 -1.006242 0.250873
v 0.083361 -1.010765 0.278259
v -0.089817 -1.010763 0.278259
v 0.083361 -1.033327 0.294426
v -0.089818 -1.033325 0.294426
v 0.083360 -1.139037 0.317689
v -0.089818 -1.139035 0.317689
v 0.084481 -1.179800 0.213624
v -0.090940 -1.179799 0.213624
v -0.090941 -1.258511 0.231977
v 0.084480 -1.258512 0.231977
v -0.087676 -1.251869 0.240023
v -0.065058 -1.371848 0.248697
v 0.058596 -1.371850 0.248696
v 0.081216 -1.251870 0.240023
v 0.277857 -1.010767 0.083763
v 0.227909 -1.022412 0.083764
v 0.250472 -1.006245 0.083763
v 0.223387 -1.049798 0.083763
v 0.294025 -1.033329 0.083763
v 0.317286 -1.139038 0.083764
v 0.251226 -1.169203 0.083763
v 0.251226 -1.169203 0.083763
v 0.251226 -1.169203 -0.089416
v 0.223387 -1.049798 -0.089416
v 0.223387 -1.049798 0.083763
v 0.227909 -1.022412 -0.089416
v 0.227909 -1.022412 0.083764
v 0.250471 -1.006245 -0.089416
v 0.250472 -1.006245 0.083763
v 0.277857 -1.010767 -0.089416
v 0.277857 -1.010767 0.083763
v 0.294023 -1.033328 -0.089416
v 0.294025 -1.033329 0.083763
v 0.317286 -1.139038 -0.089415
v 0.317286 -1.139038 0.083764
v 0.231573 -1.258513 -0.090537
v 0.213221 -1.179801 -0.090537
v 0.213221 -1.179801 0.084884
v 0.231573 -1.258513 0.084883
v 0.239618 -1.251872 0.081619
v 0.248292 -1.371852 0.059001
v 0.248292 -1.371851 -0.064653
v 0.239618 -1.251871 -0.087272
v 0.083362 -1.010766 -0.283911
v 0.083362 -1.022412 -0.233963
v 0.083362 -1.006244 -0.256525
v 0.083361 -1.049797 -0.229442
v 0.083361 -1.033327 -0.300079
v 0.083361 -1.139036 -0.323342
v 0.083360 -1.169201 -0.257281
v 0.083360 -1.169201 -0.257281
v -0.089819 -1.169200 -0.257281
v -0.089818 -1.049795 -0.229442
v 0.083361 -1.049797 -0.229442
v -0.089818 -1.022410 -0.233963
v 0.083362 -1.022412 -0.233963
v -0.089818 -1.006242 -0.256526
v 0.083362 -1.006244 -0.256525
v -0.089818 -1.010764 -0.283912
v 0.083362 -1.010766 -0.283911
v -0.089818 -1.033326 -0.300079
v 0.083361 -1.033327 -0.300079
v -0.089819 -1.139035 -0.323342
v 0.083361 -1.139036 -0.323342
v -0.090942 -1.258510 -0.237630
v -0.090941 -1.179798 -0.219277
v 0.084481 -1.179800 -0.219277
v 0.084480 -1.258512 -0.237630
v 0.081214 -1.251871 -0.245676
v 0.058595 -1.371850 -0.254350
v -0.065059 -1.371849 -0.254350
v -0.087676 -1.251870 -0.245676
v 0.043276 -0.367388 0.137832
v 0.043276 -0.290558 0.137833
v 0.036981 -0.290559 0.114340
v 0.036981 -0.367389 0.114340
v 0.019783 -0.290558 0.097141
v 0.019783 -0.367388 0.097143
v -0.003709 -0.290559 0.090847
v -0.003709 -0.367388 0.090847
v -0.003709 -0.367388 0.090847
v -0.003709 -0.290559 0.090847
v -0.027203 -0.290558 0.097141
v -0.027203 -0.367388 0.097143
v -0.044400 -0.290559 0.114340
v -0.044400 -0.367389 0.114340
v -0.050695 -0.290558 0.137833
v -0.050695 -0.367388 0.137832
v -0.044400 -0.290558 0.161326
v -0.044400 -0.367388 0.161325
v -0.027203 -0.367389 0.178523
v -0.027203 -0.290558 0.178523
v -0.003709 -0.290559 0.184818
v -0.003709 -0.367388 0.184818
v 0.019783 -0.290558 0.178523
v 0.019783 -0.367389 0.178523
v 0.036981 -0.290558 0.161326
v 0.036981 -0.367389 0.161326
v 0.043276 -0.290558 0.137833
v -0.027203 -0.290558 0.097141
v 0.036981 -0.290559 0.114340
v 0.019783 -0.290558 0.097141
v -0.003709 -0.290559 0.090847
v 0.019783 -0.290558 0.178523
v 0.036981 -0.290558 0.161326
v -0.003709 -0.290559 0.184818
v -0.027203 -0.290558 0.178523
v -0.044400 -0.290558 0.161326
v -0.050695 -0.290558 0.137833
v -0.044400 -0.290559 0.114340
v -0.089819 -1.169200 -0.257281
v -0.089819 -1.139035 -0.323342
v -0.089818 -1.049795 -0.229442
v -0.089818 -1.033326 -0.300079
v -0.089818 -1.022410 -0.233963
v -0.089818 -1.010764 -0.283912
v -0.089818 -1.006242 -0.256526
v -0.188495 0.089914 0.088440
v -0.188495 0.117491 0.047164
v -0.144580 0.117491 0.047164
v -0.144580 0.089914 0.088440
v -0.188495 0.048641 0.116018
v -0.144580 0.048641 0.116018
v -0.188495 -0.000044 0.125702
v -0.144580 -0.000044 0.125702
v -0.188495 -0.048730 0.116018
v -0.144580 -0.048730 0.116018
v -0.188495 -0.090003 0.088440
v -0.144580 -0.090003 0.088440
v -0.188495 -0.117579 0.047165
v -0.144580 -0.117579 0.047165
v -0.188495 -0.127264 -0.001521
v -0.144580 -0.127264 -0.001521
v -0.188495 -0.117580 -0.050207
v -0.188495 -0.127264 -0.001521
v -0.144580 -0.127264 -0.001521
v -0.144580 -0.117580 -0.050207
v -0.188495 -0.090003 -0.091476
v -0.144580 -0.090003 -0.091476
v -0.188495 -0.048730 -0.119060
v -0.144580 -0.048730 -0.119060
v -0.188495 -0.000044 -0.128743
v -0.144580 -0.000044 -0.128743
v -0.188495 0.048641 -0.119060
v -0.144580 0.048641 -0.119060
v -0.188495 0.089914 -0.091476
v -0.144580 0.089914 -0.091476
v -0.188495 0.117491 -0.050208
v -0.144580 0.117491 -0.050208
v -0.188495 0.127176 -0.001521
v -0.144580 0.127176 -0.001521
v -0.119571 -0.290559 -0.042209
v -0.143064 -0.290559 -0.048505
v -0.143064 -0.367388 -0.048504
v -0.119571 -0.367388 -0.042209
v -0.102373 -0.290559 -0.025012
v -0.102373 -0.367388 -0.025011
v -0.096079 -0.290559 -0.001519
v -0.096079 -0.367388 -0.001518
v -0.102373 -0.290559 0.021974
v -0.096079 -0.290559 -0.001519
v -0.096079 -0.367388 -0.001518
v -0.102373 -0.367388 0.021975
v -0.119571 -0.290559 0.039171
v -0.119571 -0.367388 0.039172
v -0.143064 -0.290560 0.045467
v -0.143064 -0.367388 0.045468
v -0.166557 -0.290559 0.039171
v -0.166557 -0.367388 0.039172
v -0.183755 -0.367388 0.021975
v -0.183755 -0.290559 0.021974
v -0.190049 -0.290559 -0.001519
v -0.190049 -0.367388 -0.001518
v -0.183755 -0.290559 -0.025012
v -0.183755 -0.367388 -0.025011
v -0.166557 -0.290559 -0.042209
v -0.166557 -0.367388 -0.042210
v -0.031828 -0.323956 -0.124640
v -0.036179 -0.323955 -0.140874
v -0.036179 -0.192908 -0.140874
v -0.031829 -0.192908 -0.124640
v -0.019945 -0.323954 -0.112756
v -0.019945 -0.192908 -0.112755
v -0.003709 -0.323955 -0.108406
v -0.003710 -0.192908 -0.108406
v 0.012525 -0.323954 -0.112756
v -0.003709 -0.323955 -0.108406
v -0.003710 -0.192908 -0.108406
v 0.012524 -0.192908 -0.112755
v 0.024408 -0.323956 -0.124640
v 0.024408 -0.192908 -0.124640
v 0.028758 -0.323955 -0.140874
v 0.028758 -0.192908 -0.140874
v 0.024408 -0.323955 -0.157109
v 0.024408 -0.192908 -0.157109
v 0.012525 -0.323954 -0.168993
v 0.012524 -0.192907 -0.168993
v -0.003709 -0.323955 -0.173343
v -0.003710 -0.192907 -0.173343
v -0.019945 -0.323954 -0.168993
v -0.019945 -0.192907 -0.168993
v -0.031828 -0.323955 -0.157109
v -0.031829 -0.192908 -0.157109
v -0.284313 -1.010763 -0.089416
v -0.234365 -1.022408 -0.089416
v -0.256928 -1.006241 -0.089416
v -0.229843 -1.049794 -0.089416
v -0.300481 -1.033323 -0.089415
v -0.323744 -1.139033 -0.089415
v -0.257686 -1.169199 -0.089417
v -0.095756 -0.192907 -0.001521
v -0.095756 -0.323954 -0.001521
v -0.083425 -0.323955 -0.047544
v -0.083425 -0.192908 -0.047544
v -0.049734 -0.323955 -0.081235
v -0.049734 -0.192908 -0.081235
v -0.003709 -0.323955 -0.093568
v -0.003710 -0.192908 -0.093567
v -0.003710 -0.192908 -0.093567
v -0.003709 -0.323955 -0.093568
v 0.042313 -0.323955 -0.081235
v 0.042313 -0.192908 -0.081235
v 0.076004 -0.323955 -0.047544
v 0.076004 -0.192908 -0.047544
v 0.088336 -0.323954 -0.001521
v 0.088336 -0.192907 -0.001521
v 0.076004 -0.323955 0.044502
v 0.076004 -0.192908 0.044502
v 0.042313 -0.323955 0.078194
v 0.042313 -0.192908 0.078194
v -0.003709 -0.323955 0.090526
v -0.003710 -0.192907 0.090525
v -0.049734 -0.192908 0.078194
v -0.049734 -0.323955 0.078194
v -0.083425 -0.192908 0.044502
v -0.083425 -0.323955 0.044502
v -0.036179 -0.192909 0.137832
v -0.036179 -0.323955 0.137833
v -0.031828 -0.323955 0.121598
v -0.031829 -0.192908 0.121598
v -0.019945 -0.323955 0.109714
v -0.019945 -0.192907 0.109714
v -0.003709 -0.323955 0.105364
v -0.003710 -0.192908 0.105364
v -0.003710 -0.192908 0.105364
v -0.003709 -0.323955 0.105364
v 0.012525 -0.323955 0.109714
v 0.012524 -0.192907 0.109714
v 0.024408 -0.323955 0.121598
v 0.024408 -0.192908 0.121598
v 0.028758 -0.323955 0.137833
v 0.028758 -0.192909 0.137832
v 0.024408 -0.323955 0.154067
v 0.024408 -0.192908 0.154067
v 0.012525 -0.323954 0.165951
v 0.012524 -0.192907 0.165952
v -0.003709 -0.323955 0.170301
v -0.003710 -0.192908 0.170301
v -0.019945 -0.323954 0.165951
v -0.019945 -0.192907 0.165952
v -0.031829 -0.192908 0.154067
v -0.031828 -0.323955 0.154067
v 0.135643 -0.192908 0.030949
v 0.135643 -0.323954 0.030949
v 0.119409 -0.323955 0.026600
v 0.119409 -0.192907 0.026600
v 0.107524 -0.323955 0.014715
v 0.107524 -0.192907 0.014715
v 0.103175 -0.323955 -0.001519
v 0.103175 -0.192908 -0.001519
v 0.103175 -0.192908 -0.001519
v 0.103175 -0.323955 -0.001519
v 0.107524 -0.323955 -0.017753
v 0.107524 -0.192907 -0.017753
v 0.119409 -0.323955 -0.029638
v 0.119409 -0.192908 -0.029638
v 0.135643 -0.323955 -0.033988
v 0.135643 -0.192908 -0.033988
v 0.151877 -0.323955 -0.029638
v 0.151877 -0.192908 -0.029638
v 0.163762 -0.323955 -0.017753
v 0.163762 -0.192907 -0.017753
v 0.168111 -0.323955 -0.001519
v 0.168111 -0.192908 -0.001519
v 0.163762 -0.192907 0.014715
v 0.163762 -0.323955 0.014715
v 0.151877 -0.192907 0.026600
v 0.151877 -0.323955 0.026600
v 0.137160 0.117491 0.047164
v 0.181076 0.117491 0.047164
v 0.181076 0.089914 0.088440
v 0.137160 0.089914 0.088440
v 0.181076 0.048641 0.116018
v 0.137160 0.048641 0.116018
v 0.181076 -0.000044 0.125702
v 0.137160 -0.000044 0.125702
v 0.181076 -0.048730 0.116018
v 0.137160 -0.048730 0.116018
v 0.181076 -0.090003 0.088440
v 0.137160 -0.090003 0.088440
v 0.181076 -0.117579 0.047165
v 0.137160 -0.117579 0.047165
v 0.181076 -0.127264 -0.001521
v 0.137160 -0.127264 -0.001521
v 0.137160 -0.127264 -0.001521
v 0.181076 -0.127264 -0.001521
v 0.181076 -0.117580 -0.050207
v 0.137160 -0.117580 -0.050207
v 0.181076 -0.090003 -0.091476
v 0.137160 -0.090003 -0.091476
v 0.181076 -0.048730 -0.119060
v 0.137160 -0.048730 -0.119060
v 0.181076 -0.000044 -0.128743
v 0.137160 -0.000044 -0.128743
v 0.181076 0.048641 -0.119060
v 0.137160 0.048641 -0.119060
v 0.181076 0.089914 -0.091476
v 0.137160 0.089914 -0.091476
v 0.181076 0.117491 -0.050208
v 0.137160 0.117491 -0.050208
v 0.181076 0.127176 -0.001521
v 0.137160 0.127176 -0.001521
v -0.136912 -0.125088 -0.001521
v -0.136912 -0.214594 -0.001521
v -0.119066 -0.214593 -0.068121
v -0.119066 -0.125089 -0.068121
v -0.070310 -0.214593 -0.116876
v -0.070310 -0.125089 -0.116877
v -0.003710 -0.214594 -0.134722
v -0.003710 -0.125089 -0.134722
v -0.003710 -0.125089 -0.134722
v -0.003710 -0.214594 -0.134722
v 0.062891 -0.214593 -0.116876
v 0.062891 -0.125089 -0.116877
v 0.111645 -0.214593 -0.068121
v 0.111645 -0.125089 -0.068121
v 0.129491 -0.214594 -0.001521
v 0.129491 -0.125088 -0.001521
v 0.111645 -0.214593 0.065081
v 0.111645 -0.125089 0.065081
v 0.062891 -0.125089 0.113835
v 0.062891 -0.214594 0.113835
v -0.003710 -0.214593 0.131680
v -0.003710 -0.125089 0.131680
v -0.070310 -0.214594 0.113835
v -0.070310 -0.125089 0.113835
v -0.119066 -0.214593 0.065081
v -0.119066 -0.125089 0.065081
vn -1.0000 -0.0000 -0.0000
vn -0.8660 -0.0000 0.5000
vn -0.5000 -0.0000 0.8660
vn -0.0000 -0.0000 1.0000
vn 0.5000 -0.0000 0.8660
vn 0.8660 -0.0000 0.5000
vn 1.0000 -0.0000 -0.0000
vn 0.8660 -0.0000 -0.5000
vn 0.5000 -0.0000 -0.8660
vn 0.0001 -0.0001 -1.0000
vn 0.0001 -0.0000 -1.0000
vn -0.0001 -0.0000 -1.0000
vn -0.5000 -0.0000 -0.8660
vn -0.8660 -0.0000 -0.5000
vn -0.0000 0.9239 0.3827
vn -0.0000 1.0000 -0.0000
vn -0.0000 0.9239 -0.3827
vn -0.0000 0.7071 -0.7071
vn -0.0000 0.3827 -0.9239
vn -0.0000 -0.0000 -1.0000
vn -0.0000 -0.3827 -0.9239
vn -0.0000 -0.7071 -0.7071
vn -0.0000 -0.9239 -0.3827
vn -0.0000 -1.0000 -0.0001
vn -0.0000 -1.0000 0.0001
vn -0.0000 -0.9239 0.3827
vn -0.0000 -0.7071 0.7071
vn -0.0000 -0.3827 0.9239
vn -0.0000 0.3827 0.9239
vn -0.0000 0.7071 0.7071
vn -1.0000 -0.0000 -0.0002
vn -1.0000 -0.0000 0.0001
vn -1.0000 -0.0000 0.0002
vn 0.0002 -0.0000 -1.0000
vn -0.0002 -0.0000 -1.0000
vn -0.0001 -0.0001 -1.0000
vn 0.0002 -0.0000 1.0000
vn -0.0001 -0.0001 1.0000
vn -0.0001 -0.0000 1.0000
vn 1.0000 -0.0000 0.0001
vn 1.0000 -0.0000 -0.0001
vn 0.0001 -1.0000 -0.0001
vn -0.0001 1.0000 -0.0001
vn -0.0000 1.0000 -0.0001
vn -0.0000 -0.0721 0.9974
vn -0.0000 -0.2271 0.9739
vn -0.0000 0.2149 -0.9766
vn -0.0000 0.4070 -0.9134
vn -0.0000 0.8492 -0.5281
vn -0.0000 0.9739 0.2271
vn -0.0000 0.5281 0.8492
vn -0.0000 -0.0327 0.9995
vn -0.9974 -0.0721 -0.0000
vn -0.9739 -0.2271 -0.0000
vn 0.9766 0.2149 -0.0000
vn 0.9134 0.4070 -0.0000
vn 0.5281 0.8492 -0.0000
vn -0.2271 0.9739 -0.0000
vn -0.8492 0.5281 -0.0000
vn -0.9995 -0.0327 -0.0000
vn -0.0000 -0.0721 -0.9974
vn -0.0000 -0.2271 -0.9739
vn -0.0000 0.2149 0.9766
vn -0.0000 0.4070 0.9134
vn -0.0000 0.8492 0.5281
vn -0.0000 0.9739 -0.2271
vn -0.0000 0.5281 -0.8492
vn -0.0000 -0.0327 -0.9995
vn 0.9998 0.0185 0.0001
vn 0.8683 0.0266 0.4954
vn 0.8632 0.0269 0.5042
vn 0.5071 0.0489 0.8605
vn 0.4918 0.0498 0.8693
vn 0.0103 0.0794 0.9968
vn -0.0099 0.0806 0.9967
vn -0.4892 0.1100 0.8652
vn -0.5042 0.1110 0.8564
vn -0.8558 0.1325 0.5001
vn -0.8608 0.1328 0.4914
vn -0.9901 0.1407 -0.0000
vn -0.8608 0.1328 -0.4914
vn -0.8558 0.1325 -0.5001
vn -0.5042 0.1110 -0.8564
vn -0.4892 0.1100 -0.8652
vn -0.0099 0.0806 -0.9967
vn 0.0103 0.0794 -0.9968
vn 0.4918 0.0498 -0.8693
vn 0.5071 0.0489 -0.8605
vn 0.8632 0.0269 -0.5042
vn 0.8683 0.0266 -0.4954
vn 0.9998 0.0185 -0.0001
vn 0.9998 0.0185 -0.0002
vn -0.0000 -1.0000 -0.0000
vn -0.0001 -1.0000 -0.0001
vn 0.0001 -1.0000 -0.0000
vn -0.0001 -1.0000 -0.0000
vn -0.0103 0.0794 -0.9968
vn 0.4892 0.1100 -0.8652
vn 0.0099 0.0806 -0.9967
vn 0.5042 0.1110 -0.8564
vn 0.8558 0.1325 -0.5001
vn 0.8608 0.1328 -0.4914
vn 0.9901 0.1407 -0.0000
vn 0.8608 0.1328 0.4914
vn 0.8558 0.1325 0.5001
vn 0.5042 0.1110 0.8564
vn 0.4892 0.1100 0.8652
vn 0.0099 0.0806 0.9967
vn -0.0103 0.0794 0.9968
vn -0.4919 0.0498 0.8693
vn -0.5071 0.0489 0.8605
vn -0.8632 0.0269 0.5042
vn -0.8683 0.0266 0.4954
vn -0.9998 0.0185 0.0001
vn -0.9998 0.0185 -0.0001
vn -0.8683 0.0266 -0.4954
vn -0.9998 0.0185 -0.0002
vn -0.8632 0.0269 -0.5042
vn -0.5071 0.0489 -0.8605
vn -0.4919 0.0498 -0.8693
vn -0.9968 0.0794 0.0103
vn -0.8652 0.1100 -0.4892
vn -0.9967 0.0806 -0.0099
vn -0.8564 0.1110 -0.5042
vn -0.5001 0.1325 -0.8558
vn -0.4914 0.1328 -0.8608
vn -0.0000 0.1407 -0.9901
vn 0.4913 0.1328 -0.8608
vn 0.5001 0.1325 -0.8558
vn 0.8564 0.1110 -0.5042
vn 0.8652 0.1100 -0.4892
vn 0.9967 0.0806 -0.0099
vn 0.9968 0.0794 0.0103
vn 0.8693 0.0498 0.4918
vn 0.8605 0.0489 0.5071
vn 0.5042 0.0269 0.8632
vn 0.4953 0.0266 0.8683
vn 0.0001 0.0185 0.9998
vn -0.0002 0.0185 0.9998
vn -0.4954 0.0266 0.8683
vn -0.0001 0.0185 0.9998
vn -0.5042 0.0269 0.8632
vn -0.8605 0.0489 0.5071
vn -0.8693 0.0498 0.4918
vn -0.9968 0.0794 -0.0103
vn -0.9967 0.0806 0.0099
vn -0.8652 0.1100 0.4892
vn -0.8564 0.1110 0.5042
vn -0.5001 0.1325 0.8558
vn -0.4914 0.1328 0.8608
vn -0.0000 0.1407 0.9901
vn 0.4914 0.1328 0.8608
vn 0.5000 0.1325 0.8558
vn 0.8564 0.1110 0.5042
vn 0.8652 0.1100 0.4892
vn 0.9967 0.0806 0.0099
vn 0.9968 0.0794 -0.0103
vn 0.8693 0.0498 -0.4918
vn 0.8605 0.0489 -0.5071
vn 0.5042 0.0269 -0.8632
vn 0.4954 0.0266 -0.8683
vn 0.0002 0.0185 -0.9998
vn 0.0001 0.0185 -0.9998
vn -0.0002 0.0185 -0.9998
vn -0.0001 0.0185 -0.9998
vn -0.4954 0.0266 -0.8683
vn -0.5042 0.0269 -0.8632
vn -0.8605 0.0489 -0.5071
vn -0.8693 0.0498 -0.4918
vn 1.0000 -0.0000 -0.0002
vn 1.0000 -0.0000 0.0002
vn -0.0000 1.0000 0.0001
vn 0.0001 -0.0000 1.0000
vn -0.8593 0.2645 0.4378
vn -0.7900 0.2505 0.5597
vn -0.7765 0.2476 0.5795
vn -0.5806 0.2175 0.7846
vn -0.5665 0.2159 0.7953
vn -0.3074 0.1958 0.9312
vn -0.2984 0.1953 0.9342
vn -0.0000 0.1882 0.9821
vn 0.2984 0.1953 0.9342
vn 0.3074 0.1958 0.9312
vn 0.5665 0.2159 0.7953
vn 0.5806 0.2175 0.7846
vn 0.7765 0.2476 0.5795
vn 0.7899 0.2505 0.5597
vn 0.8593 0.2645 0.4378
vn -0.0001 0.0001 -1.0000
vn -1.0000 -0.0000 -0.0001
vn -0.0000 -0.0001 1.0000
vn 0.9190 -0.3943 -0.0000
vn 0.7958 -0.3943 0.4595
vn 0.4595 -0.3943 0.7958
vn -0.0000 -0.3943 0.9190
vn -0.4595 -0.3943 0.7958
vn -0.7959 -0.3943 0.4595
vn -0.7958 -0.3943 0.4595
vn -0.9190 -0.3943 -0.0000
vn -0.7959 -0.3943 -0.4595
vn -0.7958 -0.3943 -0.4595
vn -0.4595 -0.3943 -0.7958
vn -0.0002 -0.3943 -0.9190
vn 0.0002 -0.3943 -0.9190
vn 0.4595 -0.3943 -0.7958
vn 0.7958 -0.3943 -0.4595
vn 0.9974 -0.0721 -0.0000
vn 0.9739 -0.2271 -0.0000
vn -0.9766 0.2149 -0.0000
vn -0.9134 0.4070 -0.0000
vn -0.5281 0.8492 -0.0000
vn 0.2271 0.9739 -0.0000
vn 0.8492 0.5281 -0.0000
vn 0.9995 -0.0327 -0.0000
vt 0.407612 0.834125
vt 0.440143 0.834125
vt 0.407612 0.849756
vt 0.440143 0.849756
vt 0.407612 0.865388
vt 0.440143 0.865388
vt 0.407612 0.881019
vt 0.440143 0.881019
vt 0.407612 0.896650
vt 0.440143 0.896650
vt 0.440143 0.912282
vt 0.407612 0.912282
vt 0.407612 0.927913
vt 0.440143 0.927913
vt 0.407612 0.943544
vt 0.440143 0.943544
vt 0.407612 0.959176
vt 0.440143 0.959176
vt 0.407612 0.974807
vt 0.440143 0.974807
vt 0.407612 0.787231
vt 0.440143 0.787231
vt 0.407612 0.802862
vt 0.440143 0.802862
vt 0.407612 0.818494
vt 0.440143 0.818494
vt 0.571210 0.611544
vt 0.594931 0.611544
vt 0.571210 0.620332
vt 0.594931 0.620332
vt 0.571210 0.629120
vt 0.594931 0.629120
vt 0.571210 0.637907
vt 0.594931 0.637907
vt 0.571210 0.646695
vt 0.594931 0.646695
vt 0.571210 0.655483
vt 0.594931 0.655483
vt 0.571210 0.664270
vt 0.594931 0.664270
vt 0.571210 0.673058
vt 0.594931 0.673058
vt 0.571210 0.681845
vt 0.594931 0.681845
vt 0.571210 0.690633
vt 0.594931 0.690633
vt 0.571210 0.550030
vt 0.594931 0.550030
vt 0.571210 0.558818
vt 0.594931 0.558818
vt 0.571210 0.567606
vt 0.594931 0.567605
vt 0.571210 0.576393
vt 0.594931 0.576393
vt 0.571210 0.585181
vt 0.594931 0.585181
vt 0.571210 0.593969
vt 0.594931 0.593969
vt 0.571210 0.602756
vt 0.594931 0.602756
vt 0.560241 0.859050
vt 0.560241 0.979775
vt 0.550938 0.859050
vt 0.550938 0.979775
vt 0.541636 0.979775
vt 0.541636 0.859050
vt 0.532334 0.979775
vt 0.532334 0.859050
vt 0.523031 0.859050
vt 0.523032 0.979775
vt 0.513729 0.859050
vt 0.513729 0.979775
vt 0.504427 0.859050
vt 0.504427 0.979775
vt 0.495124 0.859050
vt 0.495124 0.979775
vt 0.485822 0.859050
vt 0.485822 0.979775
vt 0.476520 0.859050
vt 0.476520 0.979775
vt 0.588148 0.859050
vt 0.588148 0.979775
vt 0.578846 0.859050
vt 0.578846 0.979775
vt 0.569543 0.859050
vt 0.569543 0.979775
vt 0.550939 0.859050
vt 0.550939 0.979775
vt 0.523032 0.859050
vt 0.505289 0.998190
vt 0.505289 0.801262
vt 0.514554 0.998190
vt 0.514554 0.801262
vt 0.523818 0.801262
vt 0.523818 0.998190
vt 0.533083 0.801262
vt 0.533083 0.998190
vt 0.542347 0.998190
vt 0.542347 0.801262
vt 0.551612 0.998190
vt 0.551612 0.801262
vt 0.560877 0.998190
vt 0.560877 0.801262
vt 0.570141 0.998190
vt 0.570141 0.801262
vt 0.579406 0.998190
vt 0.579406 0.801262
vt 0.588670 0.998190
vt 0.588670 0.801262
vt 0.477495 0.998190
vt 0.477495 0.801262
vt 0.486760 0.998190
vt 0.486760 0.801262
vt 0.496024 0.998190
vt 0.496024 0.801262
vt 0.438626 0.883620
vt 0.391608 0.874124
vt 0.438626 0.802636
vt 0.390718 0.802636
vt 0.397734 0.785698
vt 0.431610 0.785698
vt 0.414672 0.778682
vt 0.561020 0.979775
vt 0.551718 0.979775
vt 0.561020 0.859050
vt 0.551718 0.859050
vt 0.542415 0.979775
vt 0.542415 0.859050
vt 0.533113 0.979775
vt 0.533113 0.859050
vt 0.523811 0.979775
vt 0.523811 0.859050
vt 0.514508 0.979775
vt 0.514508 0.859050
vt 0.505206 0.979775
vt 0.505206 0.859050
vt 0.495904 0.979775
vt 0.495904 0.859050
vt 0.486601 0.979775
vt 0.486601 0.859050
vt 0.477299 0.979775
vt 0.477299 0.859050
vt 0.588927 0.979775
vt 0.579625 0.979775
vt 0.588927 0.859050
vt 0.579625 0.859050
vt 0.570323 0.979775
vt 0.570323 0.859050
vt 0.367615 0.925753
vt 0.367615 0.912246
vt 0.257464 0.925753
vt 0.257464 0.912246
vt 0.367615 0.898738
vt 0.257464 0.898738
vt 0.367615 0.885230
vt 0.257464 0.885230
vt 0.367615 0.871723
vt 0.257464 0.871723
vt 0.257464 0.858215
vt 0.367615 0.858215
vt 0.367615 0.844708
vt 0.257464 0.844708
vt 0.367615 0.831200
vt 0.257464 0.831200
vt 0.367615 0.817693
vt 0.257464 0.817693
vt 0.367615 0.804185
vt 0.257464 0.804185
vt 0.367615 0.966276
vt 0.367615 0.952768
vt 0.257464 0.966276
vt 0.257464 0.952768
vt 0.367615 0.939261
vt 0.257464 0.939261
vt 0.571210 0.629119
vt 0.571210 0.620331
vt 0.594931 0.629119
vt 0.594931 0.620331
vt 0.571210 0.611543
vt 0.594931 0.611543
vt 0.571210 0.593968
vt 0.594931 0.593968
vt 0.571210 0.567605
vt 0.571210 0.655482
vt 0.594931 0.655482
vt 0.414672 0.778674
vt 0.397734 0.785690
vt 0.431610 0.785690
vt 0.390718 0.802628
vt 0.438626 0.802628
vt 0.391608 0.874116
vt 0.438626 0.883612
vt 0.844278 0.586876
vt 0.855504 0.586876
vt 0.834556 0.592489
vt 0.865226 0.592489
vt 0.870839 0.602211
vt 0.844278 0.628772
vt 0.870839 0.613437
vt 0.865226 0.623159
vt 0.855504 0.628772
vt 0.828943 0.602211
vt 0.828943 0.613437
vt 0.834556 0.623159
vt 0.257464 0.837687
vt 0.367615 0.837687
vt 0.257464 0.852192
vt 0.367615 0.852192
vt 0.257464 0.866697
vt 0.367615 0.866697
vt 0.257464 0.881202
vt 0.367615 0.881202
vt 0.257464 0.895707
vt 0.367615 0.895707
vt 0.367615 0.910212
vt 0.257464 0.910212
vt 0.257464 0.924717
vt 0.367615 0.924717
vt 0.257464 0.939222
vt 0.367615 0.939222
vt 0.257464 0.953727
vt 0.367615 0.953727
vt 0.257464 0.968232
vt 0.367615 0.968232
vt 0.257464 0.794172
vt 0.367615 0.794172
vt 0.257464 0.808677
vt 0.367615 0.808677
vt 0.257464 0.823182
vt 0.367615 0.823182
vt 0.557209 0.590281
vt 0.557209 0.641408
vt 0.508742 0.590281
vt 0.508742 0.641408
vt 0.508742 0.589091
vt 0.508742 0.559570
vt 0.557209 0.589091
vt 0.557209 0.559570
vt 0.607676 0.558752
vt 0.455007 0.558752
vt 0.607676 0.616317
vt 0.455006 0.616317
vt 0.607676 0.631079
vt 0.455006 0.631079
vt 0.607676 0.645841
vt 0.455006 0.645841
vt 0.607676 0.660602
vt 0.455006 0.660602
vt 0.607676 0.675364
vt 0.455006 0.675364
vt 0.607676 0.740570
vt 0.455006 0.740571
vt 0.508554 0.590281
vt 0.508554 0.641409
vt 0.557021 0.590281
vt 0.557021 0.641408
vt 0.508554 0.589091
vt 0.557021 0.589091
vt 0.508554 0.559570
vt 0.557021 0.559570
vt 0.939877 0.632317
vt 0.922160 0.624978
vt 0.908600 0.611417
vt 0.976772 0.624978
vt 0.959054 0.632317
vt 0.997671 0.593700
vt 0.990332 0.611418
vt 0.901261 0.574521
vt 0.901260 0.593699
vt 0.959055 0.535905
vt 0.976772 0.543246
vt 0.990332 0.556804
vt 0.908600 0.556805
vt 0.922160 0.543243
vt 0.997671 0.574523
vt 0.939877 0.535905
vt 0.014085 0.974078
vt 0.014085 0.959196
vt 0.224150 0.974078
vt 0.224150 0.959196
vt 0.014085 0.944313
vt 0.224150 0.944313
vt 0.014085 0.929431
vt 0.224150 0.929431
vt 0.014085 0.914549
vt 0.224150 0.914549
vt 0.014085 0.899667
vt 0.224150 0.899667
vt 0.014085 0.884785
vt 0.224150 0.884785
vt 0.224150 0.869902
vt 0.014085 0.869902
vt 0.224150 0.855020
vt 0.014085 0.855020
vt 0.224150 0.840138
vt 0.014085 0.840138
vt 0.224150 0.825256
vt 0.014085 0.825256
vt 0.224150 0.810373
vt 0.014085 0.810373
vt 0.224150 0.795491
vt 0.014085 0.795491
vt 0.834714 0.623062
vt 0.829101 0.613340
vt 0.844436 0.628675
vt 0.855661 0.628675
vt 0.865383 0.623062
vt 0.834714 0.592392
vt 0.829100 0.602114
vt 0.865383 0.592392
vt 0.870996 0.602114
vt 0.855661 0.586779
vt 0.844435 0.586779
vt 0.870996 0.613340
vt 0.224150 0.840805
vt 0.224150 0.855687
vt 0.014085 0.840805
vt 0.014085 0.855687
vt 0.224150 0.870570
vt 0.014085 0.870570
vt 0.224150 0.885452
vt 0.014085 0.885452
vt 0.014085 0.900334
vt 0.224150 0.900334
vt 0.014085 0.915216
vt 0.224150 0.915216
vt 0.014085 0.930099
vt 0.224150 0.930099
vt 0.014085 0.944981
vt 0.224150 0.944981
vt 0.014085 0.959863
vt 0.224150 0.959863
vt 0.014085 0.974746
vt 0.224150 0.974746
vt 0.224150 0.796158
vt 0.224150 0.811040
vt 0.014085 0.796158
vt 0.014085 0.811040
vt 0.224150 0.825923
vt 0.014085 0.825923
vt 0.844936 0.586957
vt 0.856162 0.586957
vt 0.835214 0.592570
vt 0.865884 0.592570
vt 0.871497 0.602292
vt 0.844936 0.628853
vt 0.835214 0.623240
vt 0.829601 0.613518
vt 0.829601 0.602292
vt 0.856162 0.628853
vt 0.865884 0.623240
vt 0.871497 0.613518
vt 0.835222 0.592411
vt 0.844944 0.586798
vt 0.829609 0.602133
vt 0.856170 0.586798
vt 0.865892 0.592411
vt 0.856170 0.628694
vt 0.865892 0.623081
vt 0.871505 0.613359
vt 0.871505 0.602133
vt 0.829609 0.613359
vt 0.835222 0.623081
vt 0.844944 0.628694
vt 0.834761 0.623110
vt 0.829148 0.613388
vt 0.844483 0.628723
vt 0.829148 0.602162
vt 0.834761 0.592440
vt 0.871044 0.602162
vt 0.865431 0.592440
vt 0.855709 0.586827
vt 0.844483 0.586827
vt 0.855709 0.628723
vt 0.865431 0.623110
vt 0.871044 0.613388
vt 0.014085 0.930948
vt 0.014085 0.916066
vt 0.224150 0.930948
vt 0.224150 0.916066
vt 0.014085 0.901184
vt 0.224150 0.901184
vt 0.014085 0.886301
vt 0.224150 0.886301
vt 0.224150 0.871419
vt 0.014085 0.871419
vt 0.224150 0.856537
vt 0.014085 0.856537
vt 0.224150 0.841655
vt 0.014085 0.841655
vt 0.224150 0.826772
vt 0.014085 0.826772
vt 0.224150 0.811890
vt 0.014085 0.811890
vt 0.224150 0.797008
vt 0.014085 0.797008
vt 0.014085 0.975595
vt 0.014085 0.960713
vt 0.224150 0.975595
vt 0.224150 0.960713
vt 0.014085 0.945830
vt 0.224150 0.945830
vt 0.922135 0.624900
vt 0.959030 0.632239
vt 0.939852 0.632239
vt 0.976747 0.624898
vt 0.990307 0.611339
vt 0.997646 0.593621
vt 0.997646 0.574443
vt 0.901236 0.593622
vt 0.908575 0.611338
vt 0.922135 0.543166
vt 0.939852 0.535827
vt 0.908575 0.556727
vt 0.990307 0.556725
vt 0.976747 0.543165
vt 0.901235 0.574444
vt 0.959029 0.535827
vt 0.224150 0.929398
vt 0.014085 0.929398
vt 0.224150 0.914515
vt 0.014085 0.914515
vt 0.224150 0.899633
vt 0.014085 0.899633
vt 0.224150 0.884750
vt 0.014085 0.884750
vt 0.014085 0.869868
vt 0.224150 0.869868
vt 0.014085 0.854985
vt 0.224150 0.854985
vt 0.014085 0.840103
vt 0.224150 0.840103
vt 0.014085 0.825220
vt 0.224150 0.825220
vt 0.014085 0.810338
vt 0.224150 0.810338
vt 0.014085 0.795455
vt 0.224150 0.795455
vt 0.224150 0.974045
vt 0.014085 0.974045
vt 0.224150 0.959163
vt 0.014085 0.959163
vt 0.224150 0.944280
vt 0.014085 0.944280
vt 0.962087 0.536093
vt 0.984149 0.548831
vt 0.936612 0.536093
vt 0.914550 0.548831
vt 0.901812 0.596369
vt 0.901812 0.570893
vt 0.914549 0.618431
vt 0.962087 0.631169
vt 0.936612 0.631169
vt 0.996887 0.570894
vt 0.996887 0.596369
vt 0.984149 0.618431
vt 0.772598 0.746781
vt 0.782088 0.769685
vt 0.755070 0.729252
vt 0.772601 0.817381
vt 0.782088 0.794477
vt 0.732165 0.719765
vt 0.707373 0.719765
vt 0.732167 0.844398
vt 0.755068 0.834910
vt 0.666939 0.817381
vt 0.657452 0.794477
vt 0.684470 0.834911
vt 0.657452 0.769686
vt 0.666939 0.746782
vt 0.684469 0.729252
vt 0.707375 0.844398
vt 0.607910 0.694890
vt 0.451495 0.694890
vt 0.607910 0.689096
vt 0.451495 0.689096
vt 0.607910 0.683302
vt 0.451495 0.683302
vt 0.607910 0.677508
vt 0.451495 0.677508
vt 0.607910 0.671714
vt 0.451495 0.671714
vt 0.607910 0.665920
vt 0.451495 0.665920
vt 0.607910 0.660126
vt 0.451495 0.660126
vt 0.607910 0.654332
vt 0.451495 0.654332
vt 0.607910 0.648538
vt 0.451495 0.648538
vt 0.607910 0.642744
vt 0.451495 0.642744
vt 0.607910 0.735448
vt 0.451495 0.735448
vt 0.607910 0.729654
vt 0.451495 0.729654
vt 0.607910 0.723860
vt 0.451495 0.723860
vt 0.607910 0.718066
vt 0.451495 0.718066
vt 0.607910 0.712272
vt 0.451495 0.712272
vt 0.607910 0.706478
vt 0.451495 0.706478
vt 0.607910 0.700684
vt 0.451495 0.700684
vt 0.755122 0.834911
vt 0.732217 0.844398
vt 0.707426 0.844398
vt 0.684521 0.834912
vt 0.772650 0.817382
vt 0.666991 0.817382
vt 0.657504 0.794478
vt 0.782140 0.794477
vt 0.782140 0.769686
vt 0.657504 0.769686
vt 0.772653 0.746782
vt 0.755120 0.729253
vt 0.666991 0.746782
vt 0.684522 0.729253
vt 0.732219 0.719765
vt 0.707426 0.719765
vt 0.504814 0.859050
vt 0.514116 0.859050
vt 0.504814 0.979775
vt 0.514116 0.979775
vt 0.523418 0.859050
vt 0.523418 0.979775
vt 0.532721 0.979775
vt 0.532721 0.859050
vt 0.542023 0.859050
vt 0.542023 0.979775
vt 0.551325 0.859050
vt 0.551325 0.979775
vt 0.560628 0.859050
vt 0.560628 0.979775
vt 0.569930 0.859050
vt 0.569930 0.979775
vt 0.579233 0.859050
vt 0.579233 0.979775
vt 0.588535 0.859050
vt 0.588535 0.979775
vt 0.476906 0.859050
vt 0.486209 0.859050
vt 0.476907 0.979775
vt 0.486209 0.979775
vt 0.495511 0.859050
vt 0.495511 0.979775
vt 0.834604 0.592570
vt 0.844326 0.586957
vt 0.828991 0.602292
vt 0.828991 0.613518
vt 0.834604 0.623240
vt 0.865274 0.592570
vt 0.855552 0.586957
vt 0.870887 0.602292
vt 0.870887 0.613518
vt 0.855552 0.628853
vt 0.844326 0.628853
vt 0.865274 0.623240
vt 0.855661 0.586827
vt 0.865383 0.592440
vt 0.844435 0.586827
vt 0.834714 0.592440
vt 0.829101 0.602162
vt 0.855661 0.628723
vt 0.844435 0.628723
vt 0.829100 0.613388
vt 0.834714 0.623110
vt 0.865383 0.623110
vt 0.870996 0.613388
vt 0.870996 0.602162
vt 0.257464 0.817692
vt 0.367615 0.817692
vt 0.914549 0.618299
vt 0.996887 0.596237
vt 0.936612 0.631036
vt 0.962087 0.631036
vt 0.984149 0.618299
vt 0.996887 0.570761
vt 0.984149 0.548699
vt 0.901812 0.596236
vt 0.901812 0.570761
vt 0.936612 0.535961
vt 0.962087 0.535961
vt 0.914549 0.548699
vt 0.682571 0.835432
vt 0.668653 0.821157
vt 0.700109 0.844598
vt 0.659717 0.803168
vt 0.656637 0.783228
vt 0.682571 0.731025
vt 0.700109 0.721859
vt 0.668653 0.745300
vt 0.659717 0.763288
vt 0.207274 0.940879
vt 0.207274 0.924286
vt 0.224231 0.940879
vt 0.224231 0.924286
vt 0.207274 0.907694
vt 0.224231 0.907694
vt 0.207274 0.891102
vt 0.224231 0.891102
vt 0.207274 0.874509
vt 0.224231 0.874509
vt 0.224231 0.857917
vt 0.207274 0.857917
vt 0.224231 0.841325
vt 0.207274 0.841325
vt 0.224231 0.824733
vt 0.207274 0.824733
vt 0.224231 0.808140
vt 0.207274 0.808140
vt 0.422448 0.927913
vt 0.389917 0.927913
vt 0.422448 0.912282
vt 0.389917 0.912282
vt 0.422448 0.896650
vt 0.389917 0.896650
vt 0.422448 0.881019
vt 0.389917 0.881019
vt 0.422448 0.865388
vt 0.389917 0.865388
vt 0.389917 0.849756
vt 0.422448 0.849756
vt 0.422448 0.834125
vt 0.389917 0.834125
vt 0.422448 0.818494
vt 0.389917 0.818494
vt 0.422448 0.802862
vt 0.389917 0.802862
vt 0.422448 0.787231
vt 0.389917 0.787231
vt 0.422448 0.974807
vt 0.389917 0.974807
vt 0.422448 0.959176
vt 0.389917 0.959176
vt 0.422448 0.943544
vt 0.389917 0.943544
vt 0.257464 0.838933
vt 0.367615 0.838933
vt 0.257464 0.853438
vt 0.367615 0.853438
vt 0.257464 0.867943
vt 0.367615 0.867943
vt 0.257464 0.882448
vt 0.367615 0.882448
vt 0.257464 0.896953
vt 0.367615 0.896953
vt 0.367615 0.911458
vt 0.257464 0.911458
vt 0.257464 0.925963
vt 0.367615 0.925963
vt 0.257464 0.940468
vt 0.367615 0.940468
vt 0.257464 0.954973
vt 0.367615 0.954973
vt 0.257464 0.969478
vt 0.367615 0.969478
vt 0.257464 0.795417
vt 0.367615 0.795418
vt 0.257464 0.809923
vt 0.367615 0.809923
vt 0.257464 0.824428
vt 0.367615 0.824428
vt 0.984226 0.548982
vt 0.996963 0.571044
vt 0.962164 0.536245
vt 0.936689 0.536245
vt 0.914627 0.548982
vt 0.901889 0.596519
vt 0.901889 0.571044
vt 0.996963 0.596519
vt 0.984226 0.618581
vt 0.962164 0.631319
vt 0.936688 0.631319
vt 0.914627 0.618581
vt 0.484748 0.663743
vt 0.467769 0.663743
vt 0.467769 0.651534
vt 0.484748 0.651534
vt 0.467769 0.639325
vt 0.484748 0.639325
vt 0.484748 0.627116
vt 0.467769 0.627116
vt 0.467769 0.614907
vt 0.484748 0.614907
vt 0.467769 0.602698
vt 0.484748 0.602698
vt 0.484748 0.590489
vt 0.467769 0.590489
vt 0.467769 0.578280
vt 0.484748 0.578280
vt 0.467769 0.566071
vt 0.484748 0.566071
vt 0.484748 0.553862
vt 0.467769 0.553862
vt 0.484748 0.700370
vt 0.467769 0.700370
vt 0.467769 0.688161
vt 0.484748 0.688161
vt 0.484748 0.675952
vt 0.467769 0.675952
vt 0.508554 0.641408
s 1
usemtl dread_metal
f 860/1/1 861/2/1 885/3/2
f 861/2/1 884/4/2 885/3/2
f 885/3/2 884/4/2 883/5/3
f 884/4/2 882/6/3 883/5/3
f 883/5/3 882/6/3 881/7/4
f 882/6/3 880/8/4 881/7/4
f 881/7/4 880/8/4 878/9/5
f 880/8/4 879/10/5 878/9/5
f 878/9/5 879/10/5 876/11/6
f 877/12/6 878/9/5 876/11/6
f 877/12/6 876/11/6 875/13/7
f 876/11/6 874/14/7 875/13/7
f 875/13/7 874/14/7 873/15/8
f 874/14/7 872/16/8 873/15/8
f 873/15/8 872/16/8 871/17/9
f 872/16/8 870/18/9 871/17/9
f 871/17/9 870/18/9 868/19/10
f 870/18/9 869/20/11 868/19/10
f 867/21/12 866/22/12 865/23/13
f 866/22/12 864/24/13 865/23/13
f 865/23/13 864/24/13 863/25/14
f 864/24/13 862/26/14 863/25/14
f 863/25/14 862/26/14 860/1/1
f 862/26/14 861/2/1 860/1/1
f 826/27/15 827/28/15 859/29/16
f 827/28/15 858/30/16 859/29/16
f 859/29/16 858/30/16 857/31/17
f 858/30/16 856/32/17 857/31/17
f 857/31/17 856/32/17 855/33/18
f 856/32/17 854/34/18 855/33/18
f 855/33/18 854/34/18 853/35/19
f 854/34/18 852/36/19 853/35/19
f 853/35/19 852/36/19 851/37/20
f 852/36/19 850/38/20 851/37/20
f 851/37/20 850/38/20 849/39/21
f 850/38/20 848/40/21 849/39/21
f 849/39/21 848/40/21 847/41/22
f 848/40/21 846/42/22 847/41/22
f 847/41/22 846/42/22 845/43/23
f 846/42/22 844/44/23 845/43/23
f 845/43/23 844/44/23 842/45/24
f 844/44/23 843/46/24 842/45/24
f 841/47/25 840/48/25 839/49/26
f 840/48/25 838/50/26 839/49/26
f 839/49/26 838/50/26 837/51/27
f 838/50/26 836/52/27 837/51/27
f 837/51/27 836/52/27 835/53/28
f 836/52/27 834/54/28 835/53/28
f 835/53/28 834/54/28 833/55/4
f 834/54/28 832/56/4 833/55/4
f 833/55/4 832/56/4 831/57/29
f 832/56/4 830/58/29 831/57/29
f 831/57/29 830/58/29 829/59/30
f 830/58/29 828/60/30 829/59/30
f 829/59/30 828/60/30 826/27/15
f 828/60/30 827/28/15 826/27/15
f 800/61/4 801/62/4 824/63/5
f 801/62/4 825/64/5 824/63/5
f 824/63/5 825/64/5 823/65/6
f 822/66/6 824/63/5 823/65/6
f 822/66/6 823/65/6 820/67/7
f 821/68/7 822/66/6 820/67/7
f 821/68/7 820/67/7 819/69/8
f 820/67/7 818/70/8 819/69/8
f 819/69/8 818/70/8 817/71/9
f 818/70/8 816/72/9 817/71/9
f 817/71/9 816/72/9 815/73/20
f 816/72/9 814/74/20 815/73/20
f 815/73/20 814/74/20 813/75/13
f 814/74/20 812/76/13 813/75/13
f 813/75/13 812/76/13 811/77/14
f 812/76/13 810/78/14 811/77/14
f 811/77/14 810/78/14 808/79/31
f 810/78/14 809/80/31 808/79/31
f 807/81/32 806/82/33 805/83/2
f 806/82/33 804/84/2 805/83/2
f 805/83/2 804/84/2 803/85/3
f 804/84/2 802/86/3 803/85/3
f 803/85/3 802/86/3 800/61/4
f 802/86/3 801/62/4 800/61/4
f 774/61/1 775/62/1 798/87/2
f 775/62/1 799/88/2 798/87/2
f 798/87/2 799/88/2 796/65/3
f 797/66/3 798/87/2 796/65/3
f 797/66/3 796/65/3 795/68/4
f 796/65/3 794/67/4 795/68/4
f 795/68/4 794/67/4 793/89/5
f 794/67/4 792/70/5 793/89/5
f 793/89/5 792/70/5 791/71/6
f 792/70/5 790/72/6 791/71/6
f 791/71/6 790/72/6 789/73/7
f 790/72/6 788/74/7 789/73/7
f 789/73/7 788/74/7 787/75/8
f 788/74/7 786/76/8 787/75/8
f 787/75/8 786/76/8 785/77/9
f 786/76/8 784/78/9 785/77/9
f 785/77/9 784/78/9 782/79/11
f 784/78/9 783/80/34 782/79/11
f 781/81/35 780/82/36 779/83/13
f 780/82/36 778/84/13 779/83/13
f 779/83/13 778/84/13 777/85/14
f 778/84/13 776/86/14 777/85/14
f 777/85/14 776/86/14 774/61/1
f 776/86/14 775/62/1 774/61/1
f 748/90/1 749/91/1 772/92/2
f 749/91/1 773/93/2 772/92/2
f 772/92/2 773/93/2 771/94/3
f 770/95/3 772/92/2 771/94/3
f 770/95/3 771/94/3 768/96/4
f 769/97/4 770/95/3 768/96/4
f 769/97/4 768/96/4 767/98/5
f 768/96/4 766/99/5 767/98/5
f 767/98/5 766/99/5 765/100/6
f 766/99/5 764/101/6 765/100/6
f 765/100/6 764/101/6 763/102/7
f 764/101/6 762/103/7 763/102/7
f 763/102/7 762/103/7 761/104/8
f 762/103/7 760/105/8 761/104/8
f 761/104/8 760/105/8 759/106/9
f 760/105/8 758/107/9 759/106/9
f 759/106/9 758/107/9 756/108/11
f 758/107/9 757/109/34 756/108/11
f 755/110/35 754/111/12 753/112/13
f 754/111/12 752/113/13 753/112/13
f 753/112/13 752/113/13 751/114/14
f 752/113/13 750/115/14 751/114/14
f 751/114/14 750/115/14 748/90/1
f 750/115/14 749/91/1 748/90/1
f 747/116/20 746/117/20 744/118/20
f 745/119/20 744/118/20 746/117/20
f 741/120/20 744/118/20 745/119/20
f 744/118/20 741/120/20 742/121/20
f 743/122/20 742/121/20 741/120/20
f 717/123/1 740/124/14 716/125/1
f 740/124/14 739/126/14 716/125/1
f 740/124/14 738/127/13 739/126/14
f 738/127/13 737/128/13 739/126/14
f 738/127/13 736/129/20 737/128/13
f 736/129/20 735/130/20 737/128/13
f 736/129/20 734/131/9 735/130/20
f 734/131/9 733/132/9 735/130/20
f 734/131/9 732/133/8 733/132/9
f 732/133/8 731/134/8 733/132/9
f 732/133/8 730/135/7 731/134/8
f 730/135/7 729/136/7 731/134/8
f 730/135/7 728/137/6 729/136/7
f 728/137/6 727/138/6 729/136/7
f 728/137/6 726/139/5 727/138/6
f 726/139/5 723/140/5 727/138/6
f 726/139/5 725/141/37 723/140/5
f 725/141/37 724/142/37 723/140/5
f 722/143/38 720/144/3 721/145/39
f 720/144/3 719/146/3 721/145/39
f 720/144/3 718/147/2 719/146/3
f 718/147/2 715/148/2 719/146/3
f 718/147/2 717/123/1 715/148/2
f 717/123/1 716/125/1 715/148/2
f 691/149/20 714/150/13 690/151/20
f 714/150/13 713/152/13 690/151/20
f 714/150/13 712/153/14 713/152/13
f 712/153/14 711/154/14 713/152/13
f 712/153/14 710/155/1 711/154/14
f 710/155/1 709/156/1 711/154/14
f 710/155/1 707/157/2 709/156/1
f 707/157/2 708/158/2 709/156/1
f 708/158/2 707/157/2 705/159/3
f 707/157/2 706/160/3 705/159/3
f 706/160/3 704/161/4 705/159/3
f 704/161/4 703/162/4 705/159/3
f 704/161/4 702/163/5 703/162/4
f 702/163/5 701/164/5 703/162/4
f 702/163/5 700/165/6 701/164/5
f 700/165/6 697/166/6 701/164/5
f 700/165/6 699/167/40 697/166/6
f 699/167/40 698/168/40 697/166/6
f 696/169/41 694/170/8 695/171/41
f 694/170/8 693/172/8 695/171/41
f 694/170/8 692/173/9 693/172/8
f 692/173/9 689/174/9 693/172/8
f 692/173/9 691/149/20 689/174/9
f 691/149/20 690/151/20 689/174/9
f 657/175/15 688/176/16 656/177/15
f 688/176/16 687/178/16 656/177/15
f 688/176/16 686/179/17 687/178/16
f 686/179/17 685/180/17 687/178/16
f 686/179/17 684/59/18 685/180/17
f 684/59/18 683/60/18 685/180/17
f 684/59/18 682/181/19 683/60/18
f 682/181/19 681/182/19 683/60/18
f 682/181/19 680/55/20 681/182/19
f 680/55/20 679/56/20 681/182/19
f 680/55/20 678/53/21 679/56/20
f 678/53/21 677/54/21 679/56/20
f 678/53/21 676/183/22 677/54/21
f 676/183/22 675/52/22 677/54/21
f 676/183/22 674/49/23 675/52/22
f 674/49/23 671/50/23 675/52/22
f 674/49/23 673/47/24 671/50/23
f 673/47/24 672/48/42 671/50/23
f 670/45/25 668/43/26 669/46/25
f 668/43/26 667/44/26 669/46/25
f 668/43/26 666/41/27 667/44/26
f 666/41/27 665/42/27 667/44/26
f 666/41/27 664/39/28 665/42/27
f 664/39/28 663/40/28 665/42/27
f 664/39/28 662/184/4 663/40/28
f 662/184/4 661/185/4 663/40/28
f 662/184/4 660/35/29 661/185/4
f 660/35/29 659/36/29 661/185/4
f 660/35/29 658/33/30 659/36/29
f 658/33/30 655/34/30 659/36/29
f 658/33/30 657/175/15 655/34/30
f 657/175/15 656/177/15 655/34/30
f 654/186/1 653/187/1 652/188/1
f 651/189/1 652/188/1 653/187/1
f 652/188/1 651/189/1 650/190/1
f 650/190/1 651/189/1 649/191/1
f 650/190/1 649/191/1 648/192/1
f 647/193/43 646/194/16 637/195/16
f 645/196/16 637/195/16 646/194/16
f 644/197/16 637/195/16 645/196/16
f 637/195/16 644/197/16 636/198/16
f 643/199/16 636/198/16 644/197/16
f 641/200/16 636/198/16 643/199/16
f 642/201/16 636/198/16 641/200/16
f 640/202/44 637/195/16 639/203/16
f 639/203/16 637/195/16 638/204/16
f 638/204/16 637/195/16 636/198/16
f 610/205/7 611/206/7 635/207/6
f 611/206/7 634/208/6 635/207/6
f 635/207/6 634/208/6 633/209/5
f 634/208/6 632/210/5 633/209/5
f 633/209/5 632/210/5 631/211/4
f 632/210/5 630/212/4 631/211/4
f 631/211/4 630/212/4 628/213/3
f 630/212/4 629/214/3 628/213/3
f 628/213/3 629/214/3 626/215/2
f 627/216/2 628/213/3 626/215/2
f 627/216/2 626/215/2 625/217/1
f 626/215/2 624/218/1 625/217/1
f 625/217/1 624/218/1 623/219/14
f 624/218/1 622/220/14 623/219/14
f 623/219/14 622/220/14 621/221/13
f 622/220/14 620/222/13 621/221/13
f 621/221/13 620/222/13 618/223/12
f 620/222/13 619/224/35 618/223/12
f 617/225/11 616/226/10 615/227/9
f 616/226/10 614/228/9 615/227/9
f 615/227/9 614/228/9 613/229/8
f 614/228/9 612/230/8 613/229/8
f 613/229/8 612/230/8 610/205/7
f 612/230/8 611/206/7 610/205/7
f 609/231/45 608/232/45 606/233/45
f 608/232/45 607/234/45 606/233/45
f 605/235/46 604/236/46 602/237/46
f 604/236/46 603/238/46 602/237/46
f 601/239/47 600/240/47 599/241/48
f 600/240/47 598/242/48 599/241/48
f 597/243/49 599/241/48 598/242/48
f 596/244/49 597/243/49 598/242/48
f 595/245/50 597/243/49 596/244/49
f 594/246/50 595/245/50 596/244/49
f 593/247/51 595/245/50 594/246/50
f 592/248/51 593/247/51 594/246/50
f 591/249/52 593/247/51 592/248/51
f 590/250/52 591/249/52 592/248/51
f 591/249/52 590/250/52 588/251/46
f 590/250/52 589/252/46 588/251/46
f 587/116/7 586/117/7 584/118/7
f 585/119/7 584/118/7 586/117/7
f 581/120/7 584/118/7 585/119/7
f 584/118/7 581/120/7 582/121/7
f 583/122/7 582/121/7 581/120/7
f 580/233/53 579/234/53 577/231/53
f 579/234/53 578/232/53 577/231/53
f 576/237/54 575/238/54 573/235/54
f 575/238/54 574/236/54 573/235/54
f 572/239/55 571/240/55 570/241/56
f 571/240/55 569/242/56 570/241/56
f 568/243/57 570/241/56 569/242/56
f 567/244/57 568/243/57 569/242/56
f 566/245/58 568/243/57 567/244/57
f 565/246/58 566/245/58 567/244/57
f 564/247/59 566/245/58 565/246/58
f 563/248/59 564/247/59 565/246/58
f 562/249/60 564/247/59 563/248/59
f 561/250/60 562/249/60 563/248/59
f 562/249/60 561/250/60 559/251/54
f 561/250/60 560/252/54 559/251/54
f 558/116/4 557/117/4 555/118/4
f 556/119/4 555/118/4 557/117/4
f 552/120/4 555/118/4 556/119/4
f 555/118/4 552/120/4 553/121/4
f 554/122/4 553/121/4 552/120/4
f 551/253/61 550/254/61 548/255/61
f 550/254/61 549/256/61 548/255/61
f 547/257/62 546/258/62 544/259/62
f 546/258/62 545/260/62 544/259/62
f 543/239/63 542/240/63 541/241/64
f 542/240/63 540/242/64 541/241/64
f 539/243/65 541/241/64 540/242/64
f 538/244/65 539/243/65 540/242/64
f 537/245/66 539/243/65 538/244/65
f 536/246/66 537/245/66 538/244/65
f 535/247/67 537/245/66 536/246/66
f 534/248/67 535/247/67 536/246/66
f 533/249/68 535/247/67 534/248/67
f 532/250/68 533/249/68 534/248/67
f 533/249/68 532/250/68 530/251/62
f 532/250/68 531/252/62 530/251/62
f 529/116/1 528/117/1 526/118/1
f 527/119/1 526/118/1 528/117/1
f 523/120/1 526/118/1 527/119/1
f 526/118/1 523/120/1 524/121/1
f 525/122/1 524/121/1 523/120/1
f 522/186/20 521/187/20 520/188/20
f 519/189/20 520/188/20 521/187/20
f 520/188/20 519/189/20 518/190/20
f 518/190/20 519/189/20 517/191/20
f 518/190/20 517/191/20 516/192/20
f 515/186/7 514/187/7 513/188/7
f 512/189/7 513/188/7 514/187/7
f 513/188/7 512/189/7 511/190/7
f 511/190/7 512/189/7 510/191/7
f 511/190/7 510/191/7 509/192/7
f 504/261/1 508/262/1 503/263/1
f 505/264/1 507/265/1 504/261/1
f 496/266/1 506/267/1 505/264/1
f 496/266/1 505/264/1 504/261/1
f 496/266/1 504/261/1 499/268/1
f 504/261/1 503/263/1 499/268/1
f 503/263/1 502/269/1 499/268/1
f 495/270/1 501/271/1 498/272/1
f 499/268/1 500/273/1 494/274/1
f 495/270/1 499/268/1 494/274/1
f 495/270/1 496/266/1 499/268/1
f 495/270/1 498/272/1 496/266/1
f 498/272/1 497/275/1 496/266/1
f 495/270/1 494/274/1 493/276/1
f 492/277/69 490/278/70 491/279/69
f 490/278/70 489/280/71 491/279/69
f 490/278/70 488/281/72 489/280/71
f 488/281/72 487/282/73 489/280/71
f 488/281/72 486/283/74 487/282/73
f 486/283/74 485/284/75 487/282/73
f 486/283/74 484/285/76 485/284/75
f 484/285/76 483/286/77 485/284/75
f 484/285/76 482/287/78 483/286/77
f 482/287/78 481/288/79 483/286/77
f 482/287/78 479/289/80 481/288/79
f 479/289/80 480/290/80 481/288/79
f 480/290/80 479/289/80 478/291/81
f 479/289/80 477/292/82 478/291/81
f 478/291/81 477/292/82 476/293/83
f 477/292/82 475/294/84 476/293/83
f 476/293/83 475/294/84 474/295/85
f 475/294/84 473/296/86 474/295/85
f 474/295/85 473/296/86 472/297/87
f 473/296/86 471/298/88 472/297/87
f 472/297/87 471/298/88 470/299/89
f 471/298/88 469/300/90 470/299/89
f 470/299/89 469/300/90 467/301/91
f 469/300/90 468/302/92 467/301/91
f 466/303/42 462/304/93 464/305/93
f 465/306/94 464/305/93 456/307/93
f 464/305/93 458/308/93 456/307/93
f 462/304/93 458/308/93 464/305/93
f 463/309/95 458/308/93 462/304/93
f 461/310/93 455/311/93 459/312/93
f 460/313/93 459/312/93 458/308/93
f 459/312/93 455/311/93 458/308/93
f 456/307/93 458/308/93 455/311/93
f 457/314/96 456/307/93 455/311/93
f 431/315/97 454/316/98 430/317/99
f 454/316/98 453/318/100 430/317/99
f 454/316/98 452/319/101 453/318/100
f 452/319/101 451/320/102 453/318/100
f 452/319/101 449/321/103 451/320/102
f 449/321/103 450/322/103 451/320/102
f 448/323/104 450/322/103 449/321/103
f 447/324/105 448/323/104 449/321/103
f 446/325/106 448/323/104 447/324/105
f 445/326/107 446/325/106 447/324/105
f 444/327/108 446/325/106 445/326/107
f 443/328/109 444/327/108 445/326/107
f 442/329/110 444/327/108 443/328/109
f 441/330/111 442/329/110 443/328/109
f 440/331/112 442/329/110 441/330/111
f 437/332/113 440/331/112 441/330/111
f 438/333/114 440/331/112 437/332/113
f 439/334/114 438/333/114 437/332/113
f 436/335/115 434/336/116 435/337/117
f 434/336/116 433/338/118 435/337/117
f 434/336/116 432/339/119 433/338/118
f 432/339/119 429/340/120 433/338/118
f 432/339/119 431/315/97 429/340/120
f 431/315/97 430/317/99 429/340/120
f 428/341/94 426/342/93 423/343/93
f 427/344/42 417/345/93 426/342/93
f 426/342/93 417/345/93 423/343/93
f 423/343/93 417/345/93 421/346/93
f 425/347/93 423/343/93 421/346/93
f 422/348/93 423/343/93 425/347/93
f 424/349/95 423/343/93 422/348/93
f 421/346/93 417/345/93 420/350/93
f 420/350/93 417/345/93 418/351/93
f 419/352/96 418/351/93 417/345/93
f 416/353/95 415/354/93 409/355/93
f 414/356/93 409/355/93 415/354/93
f 410/357/93 409/355/93 414/356/93
f 410/357/93 405/358/93 409/355/93
f 405/358/93 410/357/93 413/359/93
f 413/359/93 410/357/93 411/360/93
f 412/361/96 411/360/93 410/357/93
f 409/355/93 405/358/93 408/362/93
f 408/362/93 405/358/93 406/363/93
f 407/364/93 406/363/93 405/358/93
f 404/365/93 403/366/93 397/367/93
f 402/368/93 397/367/93 403/366/93
f 398/369/93 397/367/93 402/368/93
f 398/369/93 393/370/93 397/367/93
f 393/370/93 398/369/93 401/371/93
f 401/371/93 398/369/93 399/372/93
f 400/373/93 399/372/93 398/369/93
f 397/367/93 393/370/93 396/374/93
f 396/374/93 393/370/93 394/375/93
f 395/376/24 394/375/93 393/370/93
f 369/377/121 392/378/122 368/379/123
f 392/378/122 391/380/124 368/379/123
f 392/378/122 390/381/125 391/380/124
f 390/381/125 389/382/126 391/380/124
f 390/381/125 387/383/127 389/382/126
f 387/383/127 388/384/127 389/382/126
f 388/384/127 387/383/127 386/385/128
f 387/383/127 385/386/129 386/385/128
f 386/385/128 385/386/129 384/387/130
f 385/386/129 383/388/131 384/387/130
f 384/387/130 383/388/131 382/389/132
f 383/388/131 381/390/133 382/389/132
f 382/389/132 381/390/133 380/391/134
f 381/390/133 379/392/135 380/391/134
f 380/391/134 379/392/135 378/393/136
f 379/392/135 377/394/137 378/393/136
f 378/393/136 377/394/137 375/395/138
f 377/394/137 376/396/138 375/395/138
f 374/397/139 372/398/140 373/399/141
f 372/398/140 371/400/142 373/399/141
f 372/398/140 370/401/143 371/400/142
f 370/401/143 367/402/144 371/400/142
f 370/401/143 369/377/121 367/402/144
f 369/377/121 368/379/123 367/402/144
f 360/403/7 362/404/7 366/405/7
f 365/406/7 362/404/7 363/407/7
f 364/408/7 363/407/7 357/409/7
f 363/407/7 362/404/7 357/409/7
f 362/404/7 354/410/7 357/409/7
f 354/410/7 362/404/7 360/403/7
f 361/411/7 354/410/7 360/403/7
f 359/412/7 351/413/7 355/414/7
f 358/415/7 357/409/7 352/416/7
f 352/416/7 357/409/7 351/413/7
f 354/410/7 351/413/7 357/409/7
f 355/414/7 351/413/7 354/410/7
f 356/417/7 355/414/7 354/410/7
f 353/418/7 352/416/7 351/413/7
f 325/419/145 326/420/146 350/421/147
f 326/420/146 349/422/148 350/421/147
f 350/421/147 349/422/148 348/423/149
f 349/422/148 347/424/150 348/423/149
f 348/423/149 347/424/150 345/425/151
f 347/424/150 346/426/151 345/425/151
f 345/425/151 346/426/151 344/427/152
f 343/428/153 345/425/151 344/427/152
f 343/428/153 344/427/152 342/429/154
f 341/430/155 343/428/153 342/429/154
f 341/430/155 342/429/154 340/431/156
f 339/432/157 341/430/155 340/431/156
f 339/432/157 340/431/156 338/433/158
f 337/434/159 339/432/157 338/433/158
f 337/434/159 338/433/158 336/435/160
f 334/436/161 337/434/159 336/435/160
f 334/436/161 336/435/160 333/437/162
f 335/438/163 334/436/161 333/437/162
f 332/439/164 331/440/165 330/441/166
f 331/440/165 329/442/167 330/441/166
f 330/441/166 329/442/167 328/443/168
f 329/442/167 327/444/169 328/443/168
f 328/443/168 327/444/169 325/419/145
f 327/444/169 326/420/146 325/419/145
f 324/445/93 316/446/93 323/447/93
f 323/447/93 316/446/93 321/448/93
f 322/449/93 320/450/93 318/451/93
f 321/448/93 316/446/93 320/450/93
f 320/450/93 316/446/93 318/451/93
f 318/451/93 316/446/93 314/452/93
f 319/453/93 318/451/93 314/452/93
f 317/454/93 313/455/93 316/446/93
f 313/455/93 314/452/93 316/446/93
f 315/456/93 314/452/93 313/455/93
f 312/457/7 308/458/7 309/459/7
f 306/460/7 308/458/7 311/461/7
f 310/462/7 309/459/7 301/463/7
f 309/459/7 308/458/7 301/463/7
f 308/458/7 297/464/7 301/463/7
f 297/464/7 308/458/7 306/460/7
f 307/465/7 297/464/7 306/460/7
f 305/466/7 300/467/7 298/468/7
f 304/469/7 302/470/7 300/467/7
f 303/471/7 301/463/7 302/470/7
f 302/470/7 301/463/7 300/467/7
f 297/464/7 300/467/7 301/463/7
f 298/468/7 300/467/7 297/464/7
f 299/472/7 298/468/7 297/464/7
f 263/473/15 264/474/15 296/475/16
f 264/474/15 295/476/16 296/475/16
f 296/475/16 295/476/16 294/477/17
f 295/476/16 293/478/17 294/477/17
f 294/477/17 293/478/17 292/479/18
f 293/478/17 291/480/18 292/479/18
f 292/479/18 291/480/18 290/481/19
f 291/480/18 289/482/19 290/481/19
f 290/481/19 289/482/19 288/483/20
f 289/482/19 287/484/20 288/483/20
f 286/485/21 288/483/20 287/484/20
f 285/486/21 286/485/21 287/484/20
f 286/485/21 285/486/21 284/487/22
f 285/486/21 283/488/22 284/487/22
f 284/487/22 283/488/22 282/489/23
f 283/488/22 281/490/23 282/489/23
f 282/489/23 281/490/23 279/491/24
f 281/490/23 280/492/24 279/491/24
f 278/493/25 277/494/25 276/495/26
f 277/494/25 275/496/26 276/495/26
f 276/495/26 275/496/26 274/497/27
f 275/496/26 273/498/27 274/497/27
f 274/497/27 273/498/27 272/499/28
f 273/498/27 271/500/28 272/499/28
f 272/499/28 271/500/28 270/501/4
f 271/500/28 269/502/4 270/501/4
f 270/501/4 269/502/4 268/503/29
f 269/502/4 267/504/29 268/503/29
f 268/503/29 267/504/29 266/505/30
f 267/504/29 265/506/30 266/505/30
f 266/505/30 265/506/30 263/473/15
f 265/506/30 264/474/15 263/473/15
f 260/507/1 262/508/1 261/509/1
f 261/509/1 259/510/1 260/507/1
f 257/511/1 260/507/1 259/510/1
f 259/510/1 258/512/1 257/511/1
f 258/512/1 255/513/1 257/511/1
f 255/513/1 256/514/1 257/511/1
f 256/514/1 255/513/1 254/515/1
f 255/513/1 252/516/1 254/515/1
f 253/517/1 254/515/1 252/516/1
f 253/517/1 252/516/1 250/518/1
f 252/516/1 251/519/1 250/518/1
f 251/519/1 248/520/1 250/518/1
f 249/521/1 250/518/1 248/520/1
f 249/521/1 248/520/1 247/522/1
f 223/523/4 246/524/3 222/525/4
f 246/524/3 245/526/3 222/525/4
f 246/524/3 243/527/2 245/526/3
f 243/527/2 244/528/2 245/526/3
f 244/528/2 243/527/2 241/529/1
f 243/527/2 242/530/1 241/529/1
f 242/530/1 240/531/14 241/529/1
f 240/531/14 239/532/14 241/529/1
f 240/531/14 238/533/13 239/532/14
f 238/533/13 237/534/13 239/532/14
f 238/533/13 236/535/20 237/534/13
f 236/535/20 235/536/20 237/534/13
f 236/535/20 234/537/9 235/536/20
f 234/537/9 233/538/9 235/536/20
f 234/537/9 232/539/8 233/538/9
f 232/539/8 229/540/8 233/538/9
f 232/539/8 231/541/170 229/540/8
f 231/541/170 230/542/41 229/540/8
f 228/543/171 226/544/6 227/545/171
f 226/544/6 225/546/6 227/545/171
f 226/544/6 224/547/5 225/546/6
f 224/547/5 221/548/5 225/546/6
f 224/547/5 223/523/4 221/548/5
f 223/523/4 222/525/4 221/548/5
f 220/549/16 216/550/16 218/551/16
f 219/552/16 218/551/16 212/553/16
f 218/551/16 214/554/16 212/553/16
f 216/550/16 214/554/16 218/551/16
f 217/555/16 214/554/16 216/550/16
f 215/556/16 209/557/16 214/554/16
f 209/557/16 210/558/16 214/554/16
f 212/553/16 214/554/16 210/558/16
f 213/559/16 212/553/16 210/558/16
f 211/560/16 210/558/16 209/557/16
f 208/362/16 206/355/16 203/363/16
f 207/353/16 197/354/16 206/355/16
f 206/355/16 197/354/16 203/363/16
f 203/363/16 197/354/16 201/360/16
f 205/359/16 203/363/16 201/360/16
f 202/358/16 203/363/16 205/359/16
f 204/364/16 203/363/16 202/358/16
f 201/360/16 197/354/16 200/361/16
f 200/361/16 197/354/16 198/357/16
f 199/356/16 198/357/16 197/354/16
f 196/561/16 185/562/16 195/563/16
f 195/563/16 185/562/16 194/564/16
f 194/564/16 185/562/16 193/565/16
f 185/562/16 186/566/16 193/565/16
f 190/567/16 193/565/16 186/566/16
f 190/567/16 191/568/16 193/565/16
f 192/569/172 191/568/16 190/567/16
f 189/570/16 186/566/16 188/571/16
f 188/571/16 186/566/16 187/572/16
f 187/572/16 186/566/16 185/562/16
f 161/151/7 184/152/8 160/149/7
f 184/152/8 183/150/8 160/149/7
f 184/152/8 182/154/9 183/150/8
f 182/154/9 181/153/9 183/150/8
f 182/154/9 180/156/20 181/153/9
f 180/156/20 179/155/20 181/153/9
f 180/156/20 177/158/13 179/155/20
f 177/158/13 178/157/13 179/155/20
f 178/157/13 177/158/13 175/160/14
f 177/158/13 176/159/14 175/160/14
f 176/159/14 174/162/1 175/160/14
f 174/162/1 173/161/1 175/160/14
f 174/162/1 172/164/2 173/161/1
f 172/164/2 171/163/2 173/161/1
f 172/164/2 170/573/3 171/163/2
f 170/573/3 167/574/3 171/163/2
f 170/573/3 169/168/39 167/574/3
f 169/168/39 168/167/39 167/574/3
f 166/171/173 164/172/5 165/169/173
f 164/172/5 163/170/5 165/169/173
f 164/172/5 162/174/6 163/170/5
f 162/174/6 159/173/6 163/170/5
f 162/174/6 161/151/7 159/173/6
f 161/151/7 160/149/7 159/173/6
f 153/575/16 152/576/16 158/577/16
f 158/577/16 152/576/16 156/578/16
f 157/579/16 156/578/16 152/576/16
f 155/580/16 152/576/16 150/581/16
f 154/582/16 147/583/16 153/575/16
f 147/583/16 152/576/16 153/575/16
f 148/584/16 152/576/16 147/583/16
f 150/581/16 152/576/16 148/584/16
f 151/585/16 150/581/16 148/584/16
f 149/586/16 148/584/16 147/583/16
f 146/587/16 144/588/16 142/589/16
f 145/590/16 138/591/16 144/588/16
f 144/588/16 138/591/16 142/589/16
f 142/589/16 138/591/16 141/592/16
f 143/593/16 142/589/16 141/592/16
f 141/592/16 138/591/16 139/594/16
f 140/595/16 139/594/16 138/591/16
f 137/596/174 135/597/175 136/598/174
f 135/597/175 134/599/176 136/598/174
f 135/597/175 133/600/177 134/599/176
f 133/600/177 132/601/178 134/599/176
f 133/600/177 131/602/179 132/601/178
f 131/602/179 130/603/180 132/601/178
f 131/602/179 128/604/181 130/603/180
f 128/604/181 129/605/181 130/603/180
f 127/606/182 129/605/181 128/604/181
f 126/607/183 127/606/182 128/604/181
f 125/608/184 127/606/182 126/607/183
f 124/609/185 125/608/184 126/607/183
f 123/610/186 125/608/184 124/609/185
f 120/611/187 123/610/186 124/609/185
f 121/612/188 123/610/186 120/611/187
f 122/613/188 121/612/188 120/611/187
f 94/614/7 95/615/7 119/616/6
f 95/615/7 118/617/6 119/616/6
f 119/616/6 118/617/6 117/618/5
f 118/617/6 116/619/5 117/618/5
f 117/618/5 116/619/5 115/620/4
f 116/619/5 114/621/4 115/620/4
f 115/620/4 114/621/4 112/622/3
f 114/621/4 113/623/3 112/622/3
f 112/622/3 113/623/3 110/624/2
f 111/625/2 112/622/3 110/624/2
f 111/625/2 110/624/2 109/626/1
f 110/624/2 108/627/1 109/626/1
f 109/626/1 108/627/1 107/628/14
f 108/627/1 106/629/14 107/628/14
f 107/628/14 106/629/14 105/630/13
f 106/629/14 104/631/13 105/630/13
f 105/630/13 104/631/13 102/632/189
f 104/631/13 103/633/12 102/632/189
f 101/634/11 100/635/11 99/636/9
f 100/635/11 98/637/9 99/636/9
f 99/636/9 98/637/9 97/638/8
f 98/637/9 96/639/8 97/638/8
f 97/638/8 96/639/8 94/614/7
f 96/639/8 95/615/7 94/614/7
f 68/640/20 69/641/20 93/642/9
f 69/641/20 92/643/9 93/642/9
f 93/642/9 92/643/9 91/644/8
f 92/643/9 90/645/8 91/644/8
f 91/644/8 90/645/8 89/646/7
f 90/645/8 88/647/7 89/646/7
f 89/646/7 88/647/7 86/648/6
f 88/647/7 87/649/6 86/648/6
f 86/648/6 87/649/6 84/650/5
f 85/651/5 86/648/6 84/650/5
f 85/651/5 84/650/5 83/652/4
f 84/650/5 82/653/4 83/652/4
f 83/652/4 82/653/4 81/654/3
f 82/653/4 80/655/3 81/654/3
f 81/654/3 80/655/3 79/656/2
f 80/655/3 78/657/2 79/656/2
f 79/656/2 78/657/2 76/658/32
f 78/657/2 77/659/32 76/658/32
f 75/660/31 74/661/190 73/662/14
f 74/661/190 72/663/14 73/662/14
f 73/662/14 72/663/14 71/664/13
f 72/663/14 70/665/13 71/664/13
f 71/664/13 70/665/13 68/640/20
f 70/665/13 69/641/20 68/640/20
f 67/186/191 66/187/4 65/188/4
f 64/189/4 65/188/4 66/187/4
f 65/188/4 64/189/4 63/190/4
f 63/190/4 64/189/4 62/191/4
f 63/190/4 62/191/4 61/192/4
f 60/666/93 52/667/93 59/668/93
f 59/668/93 52/667/93 58/669/93
f 58/669/93 52/667/93 56/670/93
f 56/670/93 52/667/93 50/671/93
f 57/672/93 56/670/93 50/671/93
f 55/673/93 54/674/93 52/667/93
f 53/675/93 52/667/93 54/674/93
f 49/676/93 52/667/93 53/675/93
f 50/671/93 52/667/93 49/676/93
f 51/677/93 50/671/93 49/676/93
f 23/678/192 24/679/192 48/680/193
f 47/681/193 23/678/192 48/680/193
f 47/681/193 48/680/193 45/682/194
f 46/683/194 47/681/193 45/682/194
f 46/683/194 45/682/194 43/684/195
f 45/682/194 44/685/195 43/684/195
f 43/684/195 44/685/195 42/686/196
f 41/687/196 43/684/195 42/686/196
f 41/687/196 42/686/196 39/688/197
f 40/689/198 41/687/196 39/688/197
f 40/689/198 39/688/197 37/690/199
f 39/688/197 38/691/199 37/690/199
f 37/690/199 38/691/199 36/692/200
f 35/693/201 37/690/199 36/692/200
f 35/693/201 36/692/200 33/694/202
f 34/695/202 35/693/201 33/694/202
f 34/695/202 33/694/202 31/696/203
f 33/694/202 32/697/203 31/696/203
f 29/698/204 30/699/204 27/700/205
f 28/701/205 29/698/204 27/700/205
f 28/701/205 27/700/205 26/702/206
f 27/700/205 25/703/206 26/702/206
f 26/702/206 25/703/206 23/678/192
f 25/703/206 24/679/192 23/678/192
f 22/253/207 21/255/207 19/704/207
f 21/255/207 20/256/207 19/704/207
f 18/257/208 17/259/208 15/258/208
f 17/259/208 16/260/208 15/258/208
f 14/239/209 13/240/209 12/241/210
f 13/240/209 11/242/210 12/241/210
f 10/243/211 12/241/210 11/242/210
f 9/244/211 10/243/211 11/242/210
f 8/245/212 10/243/211 9/244/211
f 7/246/212 8/245/212 9/244/211
f 6/247/213 8/245/212 7/246/212
f 5/248/213 6/247/213 7/246/212
f 4/249/214 6/247/213 5/248/213
f 3/250/214 4/249/214 5/248/213
f 4/249/214 3/250/214 1/251/208
f 3/250/214 2/252/208 1/251/208
o armn1
v 0.149986 -0.945041 -0.156039
v 0.204077 -0.945042 -0.070183
v 0.204076 -1.007361 -0.070183
v 0.214744 -1.007361 -0.002826
v 0.214744 -0.945042 -0.002826
v 0.204076 -1.007361 0.064532
v 0.204077 -0.945042 0.064531
v 0.149986 -0.945041 0.150390
v 0.166433 -1.134186 0.127304
v 0.191814 -1.134186 0.077490
v 0.126900 -1.134185 0.166836
v 0.064128 -1.007359 0.204479
v 0.064129 -0.945040 0.204479
v -0.003229 -1.007359 0.215147
v -0.003228 -0.945040 0.215147
v -0.070586 -1.007358 0.204479
v -0.070585 -0.945039 0.204478
v -0.156443 -0.945038 0.150389
v 0.077087 -1.134185 0.192218
v -0.133359 -1.134183 0.166836
v -0.083546 -1.134183 0.192218
v -0.172892 -1.134182 0.127305
v -0.210533 -1.007358 0.064532
v -0.210533 -0.945038 0.064531
v -0.221201 -1.007357 -0.002826
v -0.221201 -0.945038 -0.002826
v -0.210533 -1.007358 -0.070183
v -0.210533 -0.945039 -0.070183
v -0.156443 -0.945039 -0.156040
v -0.172892 -1.134183 -0.132955
v -0.133359 -1.134184 -0.172487
v -0.198274 -1.134182 -0.083142
v -0.198274 -1.134183 0.077490
v 0.166433 -1.134186 -0.132955
v 0.191814 -1.134186 -0.083142
v 0.126900 -1.134186 -0.172487
v 0.064128 -1.007359 -0.210130
v 0.064129 -0.945040 -0.210131
v -0.003228 -0.945039 -0.220799
v -0.003229 -1.007360 -0.220799
v -0.070585 -0.945039 -0.210131
v -0.070586 -1.007358 -0.210130
v -0.083546 -1.134184 -0.197870
v 0.077087 -1.134185 -0.197870
v 0.214744 -0.945042 -0.002826
v 0.149986 -0.945041 0.150390
v 0.204077 -0.945042 0.064531
v 0.149986 -0.945041 -0.156039
v 0.204077 -0.945042 -0.070183
v -0.003228 -0.945039 -0.220799
v 0.064129 -0.945040 -0.210131
v -0.156443 -0.945039 -0.156040
v -0.070585 -0.945039 -0.210131
v -0.156443 -0.945038 0.150389
v -0.003228 -0.945040 0.215147
v 0.064129 -0.945040 0.204479
v -0.070585 -0.945039 0.204478
v -0.221201 -0.945038 -0.002826
v -0.210533 -0.945039 -0.070183
v -0.210533 -0.945038 0.064531
v -0.112844 -0.686684 0.334361
v -0.108950 -0.533847 0.322378
v -0.003709 -0.533848 0.339046
v -0.003709 -0.686684 0.351647
v 0.105425 -0.686684 0.334361
v -0.189589 -0.421573 0.254320
v -0.101431 -0.421573 0.299237
v -0.003709 -0.421573 0.314715
v 0.094012 -0.421573 0.299237
v 0.101532 -0.533847 0.322378
v 0.196471 -0.533847 0.274004
v 0.203878 -0.686684 0.284197
v 0.282010 -0.686684 0.206065
v 0.271816 -0.533847 0.198659
v 0.252132 -0.421573 0.184357
v 0.297049 -0.421572 0.096201
v 0.182170 -0.421573 0.254320
v 0.208068 -0.882015 0.289965
v 0.107628 -0.882016 0.341140
v -0.003709 -0.882014 0.358774
v -0.115047 -0.882016 0.341140
v -0.211295 -0.686684 0.284197
v -0.203890 -0.533847 0.274004
v -0.259551 -0.421573 0.184359
v -0.279234 -0.533847 0.198660
v -0.327608 -0.533847 0.103720
v -0.289429 -0.686684 0.206066
v -0.339592 -0.686684 0.107613
v -0.346371 -0.882015 0.109817
v -0.364005 -0.882015 -0.001521
v -0.356877 -0.686684 -0.001522
v -0.304468 -0.421572 0.096201
v -0.215486 -0.882015 0.289965
v -0.295195 -0.882015 0.210257
v -0.344277 -0.533847 -0.001521
v -0.319946 -0.421573 -0.001521
v -0.327608 -0.533848 -0.106763
v -0.339593 -0.686685 -0.110656
v -0.279234 -0.533847 -0.201702
v -0.289429 -0.686684 -0.209108
v -0.203890 -0.533847 -0.277046
v -0.304468 -0.421573 -0.099244
v -0.346372 -0.882015 -0.112858
v -0.295195 -0.882015 -0.213297
v -0.211297 -0.686684 -0.287239
v -0.112844 -0.686685 -0.337404
v -0.108950 -0.533847 -0.325420
v -0.101433 -0.421574 -0.302281
v -0.189589 -0.421573 -0.257362
v -0.259551 -0.421573 -0.187399
v -0.270307 -0.309299 -0.088145
v -0.284027 -0.309299 -0.001521
v -0.270307 -0.309298 0.085101
v -0.230491 -0.309299 -0.166287
v -0.215486 -0.882015 -0.293006
v -0.115047 -0.882015 -0.344183
v -0.219680 -1.179797 -0.090537
v -0.219680 -1.179797 0.084884
v -0.337102 -1.127769 0.099294
v -0.337102 -1.127769 -0.104947
v -0.327430 -1.370396 -0.064653
v -0.254754 -1.371848 -0.064653
v -0.246079 -1.251867 -0.087272
v -0.336859 -1.234279 -0.092496
v -0.219680 -1.179797 -0.090537
v -0.337102 -1.127769 -0.104947
v -0.346543 -1.233209 -0.104947
v -0.238034 -1.258509 -0.090537
v -0.346543 -1.233209 0.099294
v -0.337102 -1.127769 0.099294
v -0.219680 -1.179797 0.084884
v -0.238034 -1.258509 0.084883
v -0.337102 -1.127769 0.099294
v -0.346543 -1.233209 0.099294
v -0.346543 -1.233209 -0.104947
v -0.337102 -1.127769 -0.104947
v -0.254755 -1.371847 0.059000
v -0.254754 -1.371848 -0.064653
v -0.327430 -1.370396 -0.064653
v -0.327430 -1.370397 0.059000
v -0.336859 -1.234279 -0.092496
v -0.336859 -1.234278 0.086844
v -0.327430 -1.370397 0.059000
v -0.327430 -1.370396 -0.064653
v -0.346543 -1.233209 0.099294
v -0.238034 -1.258509 0.084883
v -0.238034 -1.258509 -0.090537
v -0.346543 -1.233209 -0.104947
v -0.246079 -1.251868 0.081619
v -0.254755 -1.371847 0.059000
v -0.327430 -1.370397 0.059000
v -0.336859 -1.234278 0.086844
v -0.090940 -1.179799 0.213624
v 0.084481 -1.179800 0.213624
v 0.098891 -1.127773 0.331047
v -0.105350 -1.127771 0.331047
v -0.065058 -1.370399 0.321372
v -0.065058 -1.371848 0.248697
v -0.087676 -1.251869 0.240023
v -0.092899 -1.234280 0.330803
v -0.090940 -1.179799 0.213624
v -0.105350 -1.127771 0.331047
v -0.105351 -1.233211 0.340487
v -0.090941 -1.258511 0.231977
v 0.098890 -1.233213 0.340487
v 0.098891 -1.127773 0.331047
v 0.084481 -1.179800 0.213624
v 0.084480 -1.258512 0.231977
v -0.105350 -1.127771 0.331047
v 0.098891 -1.127773 0.331047
v 0.098890 -1.233213 0.340487
v -0.105351 -1.233211 0.340487
v 0.058596 -1.371850 0.248696
v -0.065058 -1.371848 0.248697
v -0.065058 -1.370399 0.321372
v 0.058596 -1.370400 0.321372
v -0.065058 -1.370399 0.321372
v -0.092899 -1.234280 0.330803
v 0.086439 -1.234282 0.330803
v 0.058596 -1.370400 0.321372
v 0.098890 -1.233213 0.340487
v 0.084480 -1.258512 0.231977
v -0.090941 -1.258511 0.231977
v -0.105351 -1.233211 0.340487
v 0.081216 -1.251870 0.240023
v 0.058596 -1.371850 0.248696
v 0.058596 -1.370400 0.321372
v 0.086439 -1.234282 0.330803
v 0.213221 -1.179801 0.084884
v 0.213221 -1.179801 -0.090537
v 0.330643 -1.127774 -0.104947
v 0.330643 -1.127775 0.099294
v 0.320967 -1.370402 0.059000
v 0.248292 -1.371852 0.059001
v 0.239618 -1.251872 0.081619
v 0.330399 -1.234284 0.086843
v 0.213221 -1.179801 0.084884
v 0.330643 -1.127775 0.099294
v 0.340084 -1.233214 0.099294
v 0.231573 -1.258513 0.084883
v 0.340084 -1.233215 -0.104947
v 0.330643 -1.127774 -0.104947
v 0.213221 -1.179801 -0.090537
v 0.231573 -1.258513 -0.090537
v 0.330643 -1.127775 0.099294
v 0.330643 -1.127774 -0.104947
v 0.340084 -1.233215 -0.104947
v 0.340084 -1.233214 0.099294
v 0.248292 -1.371851 -0.064653
v 0.248292 -1.371852 0.059001
v 0.320967 -1.370402 0.059000
v 0.320967 -1.370402 -0.064654
v 0.330399 -1.234284 0.086843
v 0.330399 -1.234285 -0.092497
v 0.320967 -1.370402 -0.064654
v 0.320967 -1.370402 0.059000
v 0.340084 -1.233215 -0.104947
v 0.231573 -1.258513 -0.090537
v 0.231573 -1.258513 0.084883
v 0.340084 -1.233214 0.099294
v 0.239618 -1.251871 -0.087272
v 0.248292 -1.371851 -0.064653
v 0.320967 -1.370402 -0.064654
v 0.330399 -1.234285 -0.092497
v -0.105350 -1.127770 -0.336699
v -0.105350 -1.233210 -0.346140
v 0.098891 -1.233212 -0.346139
v 0.098892 -1.127772 -0.336699
v -0.065059 -1.371849 -0.254350
v 0.058595 -1.371850 -0.254350
v 0.058595 -1.370400 -0.327024
v -0.065059 -1.370399 -0.327024
v 0.058595 -1.370400 -0.327024
v 0.086439 -1.234282 -0.336456
v -0.092901 -1.234281 -0.336456
v -0.065059 -1.370399 -0.327024
v -0.105350 -1.233210 -0.346140
v -0.090942 -1.258510 -0.237630
v 0.084480 -1.258512 -0.237630
v 0.098891 -1.233212 -0.346139
v -0.087676 -1.251870 -0.245676
v -0.065059 -1.371849 -0.254350
v -0.065059 -1.370399 -0.327024
v -0.092901 -1.234281 -0.336456
v 0.084481 -1.179800 -0.219277
v -0.090941 -1.179798 -0.219277
v -0.105350 -1.127770 -0.336699
v 0.098892 -1.127772 -0.336699
v 0.058595 -1.370400 -0.327024
v 0.058595 -1.371850 -0.254350
v 0.081214 -1.251871 -0.245676
v 0.086439 -1.234282 -0.336456
v 0.084481 -1.179800 -0.219277
v 0.098892 -1.127772 -0.336699
v 0.098891 -1.233212 -0.346139
v 0.084480 -1.258512 -0.237630
v -0.105350 -1.233210 -0.346140
v -0.105350 -1.127770 -0.336699
v -0.090941 -1.179798 -0.219277
v -0.090942 -1.258510 -0.237630
v 0.274483 -1.134187 -0.110003
v 0.191814 -1.134186 -0.083142
v 0.204076 -1.007361 -0.070183
v 0.304917 -1.007362 -0.102948
v 0.103947 -1.134185 -0.280539
v 0.096894 -1.007361 -0.310972
v 0.064128 -1.007359 -0.210130
v 0.077087 -1.134185 -0.197870
v -0.243214 -1.134182 -0.184047
v -0.280942 -1.134182 -0.110003
v -0.198274 -1.134182 -0.083142
v -0.172892 -1.134183 -0.132955
v -0.133359 -1.134184 -0.172487
v -0.184452 -1.134182 -0.242810
v -0.083546 -1.134184 -0.197870
v -0.110406 -1.134183 -0.280539
v -0.110406 -1.134183 -0.280539
v -0.083546 -1.134184 -0.197870
v -0.070586 -1.007358 -0.210130
v -0.103351 -1.007359 -0.310972
v -0.003229 -1.007359 0.321179
v 0.096894 -1.007360 0.305320
v 0.064128 -1.007359 0.204479
v -0.003229 -1.007359 0.215147
v -0.103351 -1.007359 0.305320
v -0.070586 -1.007358 0.204479
v 0.332174 -0.686684 0.107613
v 0.320189 -0.533847 0.103720
v 0.336858 -0.533847 -0.001521
v 0.282010 -0.686684 -0.209107
v 0.271816 -0.533847 -0.201701
v 0.196471 -0.533847 -0.277046
v 0.332174 -0.686685 -0.110656
v 0.320189 -0.533848 -0.106763
v 0.349459 -0.686684 -0.001522
v 0.356586 -0.882015 -0.001521
v 0.338952 -0.882015 0.109817
v 0.287776 -0.882014 0.210255
v -0.003709 -0.533847 -0.342089
v 0.094012 -0.421574 -0.302281
v -0.003709 -0.421573 -0.317757
v 0.101532 -0.533847 -0.325420
v 0.182170 -0.421573 -0.257362
v 0.252132 -0.421573 -0.187399
v 0.297049 -0.421573 -0.099244
v 0.312527 -0.421573 -0.001521
v 0.262888 -0.309298 0.085101
v 0.276608 -0.309299 -0.001521
v 0.262888 -0.309299 -0.088145
v 0.223072 -0.309299 -0.166287
v 0.338952 -0.882015 -0.112858
v 0.287776 -0.882015 -0.213297
v 0.208068 -0.882015 -0.293006
v 0.203878 -0.686684 -0.287239
v 0.105425 -0.686685 -0.337404
v -0.003709 -0.686684 -0.354689
v -0.108950 -0.533847 -0.325420
v -0.101433 -0.421574 -0.302281
v -0.090332 -0.309299 -0.268119
v -0.003709 -0.309299 -0.281838
v 0.082913 -0.309299 -0.268119
v -0.112844 -0.686685 -0.337404
v -0.115047 -0.882015 -0.344183
v -0.003709 -0.882015 -0.361817
v 0.107628 -0.882015 -0.344183
v -0.280942 -1.134182 -0.110003
v -0.311376 -1.007357 -0.102948
v -0.210533 -1.007358 -0.070183
v -0.198274 -1.134182 -0.083142
v 0.103947 -1.134185 0.274886
v 0.077087 -1.134185 0.192218
v 0.064128 -1.007359 0.204479
v 0.096894 -1.007360 0.305320
v -0.003229 -1.007360 -0.326830
v -0.103351 -1.007359 -0.310972
v -0.070586 -1.007358 -0.210130
v -0.003229 -1.007360 -0.220799
v 0.064128 -1.007359 -0.210130
v 0.096894 -1.007361 -0.310972
v -0.280942 -1.134182 0.104351
v -0.198274 -1.134183 0.077490
v -0.210533 -1.007358 0.064532
v -0.311375 -1.007356 0.097297
v 0.274483 -1.134186 0.104351
v 0.304917 -1.007361 0.097297
v 0.204076 -1.007361 0.064532
v 0.191814 -1.134186 0.077490
v 0.258897 -1.007362 -0.193270
v 0.264064 -0.880537 -0.197023
v 0.190971 -0.880537 -0.270117
v 0.187217 -1.007361 -0.264950
v -0.003228 -0.880534 -0.333215
v -0.105324 -0.880534 -0.317046
v -0.103351 -1.007359 -0.310972
v -0.003229 -1.007360 -0.326830
v 0.098869 -0.880536 -0.317046
v 0.096894 -1.007361 -0.310972
v 0.103947 -1.134185 -0.280539
v 0.177993 -1.134186 -0.242810
v 0.236756 -1.134186 -0.184047
v 0.274483 -1.134187 -0.110003
v 0.304917 -1.007362 -0.102948
v 0.310992 -0.880537 -0.104922
v 0.327162 -0.880538 -0.002825
v 0.320775 -1.007362 -0.002826
v 0.310992 -0.880537 0.099271
v 0.304917 -1.007361 0.097297
v 0.258897 -1.007362 0.187618
v 0.264064 -0.880537 0.191372
v 0.190971 -0.880536 0.264465
v 0.187217 -1.007361 0.259299
v 0.274483 -1.134186 0.104351
v 0.236756 -1.134186 0.178397
v 0.177993 -1.134186 0.237159
v 0.103947 -1.134185 0.274886
v 0.096894 -1.007360 0.305320
v 0.098869 -0.880535 0.311394
v -0.003229 -1.007359 0.321179
v -0.003228 -0.880534 0.327564
v -0.105324 -0.880533 0.311394
v -0.103351 -1.007359 0.305320
v -0.193673 -1.007357 0.259299
v -0.110406 -1.134183 0.274886
v -0.184451 -1.134183 0.237159
v -0.265354 -1.007357 0.187619
v -0.243214 -1.134182 0.178396
v -0.270519 -0.880532 0.191373
v -0.197426 -0.880533 0.264465
v -0.280942 -1.134182 0.104351
v -0.311375 -1.007356 0.097297
v -0.317447 -0.880532 0.099271
v -0.327233 -1.007357 -0.002826
v -0.333618 -0.880532 -0.002825
v -0.311376 -1.007357 -0.102948
v -0.317447 -0.880532 -0.104922
v -0.270519 -0.880532 -0.197023
v -0.265354 -1.007357 -0.193270
v -0.197427 -0.880534 -0.270117
v -0.193674 -1.007358 -0.264950
v -0.105324 -0.880534 -0.317046
v -0.103351 -1.007359 -0.310972
v -0.110406 -1.134183 -0.280539
v -0.184452 -1.134182 -0.242810
v -0.243214 -1.134182 -0.184047
v -0.280942 -1.134182 -0.110003
v -0.110406 -1.134183 0.274886
v -0.103351 -1.007359 0.305320
v -0.070586 -1.007358 0.204479
v -0.083546 -1.134183 0.192218
v 0.262888 -0.309298 0.085101
v 0.297049 -0.421572 0.096201
v -0.304468 -0.421572 0.096201
v -0.270307 -0.309298 0.085101
v 0.223072 -0.309299 -0.166287
v -0.230491 -0.309299 -0.166287
v -0.259551 -0.421573 -0.187399
v 0.252132 -0.421573 -0.187399
v 0.082913 -0.309299 -0.268119
v 0.082896 -0.309299 -0.164620
v -0.003709 -0.309299 -0.164620
v -0.003709 -0.309299 -0.281838
v -0.090332 -0.309299 -0.268119
v -0.090315 -0.309299 -0.164620
v 0.252132 -0.421573 0.184357
v -0.304468 -0.421572 0.096201
v 0.297049 -0.421572 0.096201
v 0.182170 -0.421573 0.254320
v 0.094012 -0.421573 0.299237
v -0.003709 -0.421573 0.314715
v -0.101431 -0.421573 0.299237
v -0.189589 -0.421573 0.254320
v -0.259551 -0.421573 0.184359
v -0.090332 -0.309299 -0.268119
v -0.090315 -0.309299 -0.164620
v -0.100982 -0.421573 -0.164637
v -0.101433 -0.421574 -0.302281
v 0.082913 -0.309299 -0.268119
v 0.094012 -0.421574 -0.302281
v 0.093562 -0.421573 -0.164637
v 0.082896 -0.309299 -0.164620
v 0.093562 -0.421573 -0.164637
v 0.094012 -0.421574 -0.302281
v 0.182170 -0.421573 -0.257362
v 0.252132 -0.421573 -0.187399
v -0.100982 -0.421573 -0.164637
v -0.259551 -0.421573 -0.187399
v -0.189589 -0.421573 -0.257362
v -0.101433 -0.421574 -0.302281
v 0.177993 -1.134186 -0.242810
v 0.103947 -1.134185 -0.280539
v 0.077087 -1.134185 -0.197870
v 0.126900 -1.134186 -0.172487
v 0.166433 -1.134186 -0.132955
v 0.236756 -1.134186 -0.184047
v 0.191814 -1.134186 -0.083142
v 0.274483 -1.134187 -0.110003
v -0.215486 -0.882015 0.289965
v -0.346371 -0.882015 0.109817
v -0.295195 -0.882015 0.210257
v -0.364005 -0.882015 -0.001521
v -0.346372 -0.882015 -0.112858
v -0.003709 -0.882014 0.358774
v -0.115047 -0.882016 0.341140
v 0.107628 -0.882016 0.341140
v 0.208068 -0.882015 0.289965
v 0.338952 -0.882015 -0.112858
v -0.003709 -0.882015 -0.361817
v -0.295195 -0.882015 -0.213297
v -0.215486 -0.882015 -0.293006
v -0.115047 -0.882015 -0.344183
v 0.338952 -0.882015 0.109817
v 0.356586 -0.882015 -0.001521
v 0.287776 -0.882014 0.210255
v 0.287776 -0.882015 -0.213297
v 0.208068 -0.882015 -0.293006
v 0.107628 -0.882015 -0.344183
v -0.311375 -1.007356 0.097297
v -0.210533 -1.007358 0.064532
v -0.221201 -1.007357 -0.002826
v -0.327233 -1.007357 -0.002826
v -0.210533 -1.007358 -0.070183
v -0.311376 -1.007357 -0.102948
v -0.184451 -1.134183 0.237159
v -0.110406 -1.134183 0.274886
v -0.083546 -1.134183 0.192218
v -0.133359 -1.134183 0.166836
v -0.172892 -1.134182 0.127305
v -0.243214 -1.134182 0.178396
v -0.280942 -1.134182 0.104351
v -0.198274 -1.134183 0.077490
v -0.270307 -0.309299 -0.088145
v -0.270307 -0.309298 0.085101
v -0.284027 -0.309299 -0.001521
v -0.230491 -0.309299 -0.166287
v 0.223072 -0.309299 -0.166287
v 0.262888 -0.309298 0.085101
v 0.276608 -0.309299 -0.001521
v 0.262888 -0.309299 -0.088145
v 0.320775 -1.007362 -0.002826
v 0.304917 -1.007362 -0.102948
v 0.204076 -1.007361 -0.070183
v 0.214744 -1.007361 -0.002826
v 0.204076 -1.007361 0.064532
v 0.304917 -1.007361 0.097297
v 0.274483 -1.134186 0.104351
v 0.191814 -1.134186 0.077490
v 0.166433 -1.134186 0.127304
v 0.236756 -1.134186 0.178397
v 0.177993 -1.134186 0.237159
v 0.126900 -1.134185 0.166836
v 0.103947 -1.134185 0.274886
v 0.077087 -1.134185 0.192218
vn -0.0000 -1.0000 -0.0000
vn -0.0000 1.0000 -0.0000
vn -0.0000 -1.0000 -0.0001
vn 0.9955 0.0946 0.0002
vn 0.9954 0.0961 0.0018
vn 0.9954 0.0961 0.0019
vn 0.9952 0.0974 0.0033
vn -0.9952 0.0974 0.0033
vn -0.9954 0.0961 0.0018
vn -0.9954 0.0962 0.0019
vn -0.9955 0.0946 0.0002
vn -0.0000 0.1848 -0.9828
vn -0.0000 0.0984 0.9951
vn 0.9435 -0.1261 0.3066
vn 0.9435 -0.1260 0.3066
vn -0.8756 -0.1853 -0.4461
vn -0.9309 -0.0929 -0.3532
vn -0.8048 -0.1152 -0.5822
vn -0.7931 -0.1808 -0.5816
vn -0.5822 -0.1152 -0.8048
vn -0.5816 -0.1807 -0.7931
vn -0.4461 -0.1853 -0.8756
vn -0.3533 -0.0929 -0.9309
vn -0.3087 -0.0503 -0.9498
vn -0.5870 -0.0503 -0.8080
vn -0.8080 -0.0503 -0.5870
vn -0.9499 -0.0503 -0.3086
vn -0.9987 -0.0503 -0.0000
vn -0.9499 -0.0503 0.3086
vn -0.9309 -0.0929 0.3532
vn -0.8080 -0.0503 0.5870
vn -0.8048 -0.1152 0.5822
vn -0.8756 -0.1853 0.4461
vn -0.7931 -0.1808 0.5816
vn -0.3086 -0.0503 0.9499
vn -0.5870 -0.0503 0.8080
vn -0.5822 -0.1152 0.8048
vn -0.5816 -0.1807 0.7931
vn -0.4461 -0.1853 0.8756
vn -0.3532 -0.0929 0.9309
vn -0.0000 -0.0503 0.9987
vn 0.3086 -0.0503 0.9499
vn 0.3532 -0.0929 0.9309
vn 0.5870 -0.0503 0.8080
vn 0.5822 -0.1152 0.8048
vn 0.4461 -0.1853 0.8756
vn 0.5816 -0.1808 0.7931
vn 0.7931 -0.1808 0.5816
vn 0.8048 -0.1152 0.5822
vn 0.8756 -0.1853 0.4461
vn 0.9309 -0.0929 0.3532
vn 0.9499 -0.0503 0.3086
vn 0.8080 -0.0503 0.5870
vn 0.9987 -0.0503 -0.0000
vn 0.9309 -0.0929 -0.3532
vn 0.9499 -0.0503 -0.3086
vn 0.8080 -0.0503 -0.5870
vn 0.8048 -0.1152 -0.5822
vn 0.8756 -0.1853 -0.4461
vn 0.7931 -0.1808 -0.5816
vn 0.5816 -0.1808 -0.7931
vn 0.5822 -0.1152 -0.8048
vn 0.4461 -0.1853 -0.8756
vn 0.3532 -0.0929 -0.9309
vn 0.5870 -0.0503 -0.8080
vn 0.3086 -0.0503 -0.9499
vn -0.0000 -0.0503 -0.9987
vn -0.3531 -0.0928 -0.9310
vn -0.3085 -0.0503 -0.9499
vn 0.3066 -0.1260 -0.9435
vn -0.3066 -0.1260 -0.9435
vn -0.9435 -0.1260 0.3066
vn -0.3066 -0.1260 0.9435
vn 0.5868 0.0592 -0.8076
vn 0.5874 0.0365 -0.8085
vn 0.3088 0.0365 -0.9504
vn 0.3085 0.0592 -0.9494
vn -0.0000 0.0592 -0.9982
vn -0.0000 0.0365 -0.9993
vn -0.3087 0.0365 -0.9505
vn -0.3083 0.0592 -0.9494
vn -0.3056 0.1464 -0.9409
vn 0.2533 0.2417 -0.9367
vn -0.0000 0.2574 -0.9663
vn 0.1492 0.3013 -0.9418
vn -0.0000 0.3047 -0.9524
vn -0.1492 0.3013 -0.9418
vn -0.2532 0.2417 -0.9367
vn -0.0000 0.1464 -0.9892
vn 0.3057 0.1464 -0.9408
vn 0.5815 0.1464 -0.8003
vn 0.8076 0.0592 -0.5868
vn 0.8085 0.0365 -0.5874
vn 0.9494 0.0592 -0.3085
vn 0.9504 0.0365 -0.3088
vn 0.9982 0.0592 -0.0000
vn 0.9993 0.0365 -0.0000
vn 0.8496 0.3013 -0.4329
vn 0.9058 0.3047 -0.2943
vn 0.8126 0.2417 -0.5303
vn 0.9190 0.2574 -0.2986
vn 0.9524 0.3047 -0.0000
vn 0.9663 0.2574 -0.0000
vn 0.9418 0.3013 0.1492
vn 0.9367 0.2417 0.2533
vn 0.5868 0.0592 0.8076
vn 0.5874 0.0365 0.8085
vn 0.8085 0.0365 0.5874
vn 0.8076 0.0592 0.5868
vn 0.9494 0.0592 0.3085
vn 0.8003 0.1464 0.5815
vn 0.9408 0.1464 0.3057
vn 0.9892 0.1464 -0.0000
vn 0.9408 0.1464 -0.3057
vn 0.8003 0.1464 -0.5815
vn 0.5745 0.2118 -0.7907
vn 0.9504 0.0365 0.3088
vn 0.9435 -0.1260 -0.3065
vn -0.9435 -0.1260 -0.3066
vn 0.3066 -0.1260 0.9435
vn -0.9917 -0.0291 0.1249
vn -0.9931 -0.0105 0.1172
vn 0.9917 -0.0291 0.1249
vn 0.9930 -0.0105 0.1172
vn 0.9798 -0.1992 0.0178
vn 0.9827 -0.1850 -0.0037
vn -0.0000 0.9143 0.4051
vn -0.9798 -0.1992 0.0178
vn -0.9827 -0.1850 -0.0037
vn -0.0000 -0.9739 -0.2271
vn -0.0000 -0.0691 -0.9976
vn -0.0000 -0.9998 -0.0200
vn -0.0000 0.0892 -0.9960
vn -0.0178 -0.1992 -0.9798
vn 0.0037 -0.1850 -0.9827
vn 0.2271 -0.9739 -0.0000
vn 0.9976 -0.0691 -0.0000
vn 0.0199 -0.9998 -0.0000
vn 0.9960 0.0892 -0.0000
vn -0.1249 -0.0291 -0.9917
vn -0.1172 -0.0105 -0.9931
vn -0.1249 -0.0291 0.9917
vn -0.1172 -0.0105 0.9930
vn -0.1172 -0.0105 0.9931
vn -0.0178 -0.1992 0.9798
vn 0.0037 -0.1850 0.9827
vn -0.4051 0.9143 -0.0000
vn 0.9798 -0.1992 -0.0178
vn 0.9827 -0.1850 0.0037
vn -0.0000 -0.9739 0.2271
vn -0.0000 -0.0691 0.9976
vn -0.0000 -0.9998 0.0199
vn -0.0000 0.0892 0.9960
vn 0.9917 -0.0291 -0.1249
vn 0.9931 -0.0105 -0.1172
vn -0.9917 -0.0291 -0.1249
vn -0.9930 -0.0105 -0.1172
vn -0.9931 -0.0105 -0.1172
vn -0.9798 -0.1992 -0.0178
vn -0.9827 -0.1850 0.0037
vn -0.0000 0.9143 -0.4051
vn 0.0178 -0.1992 0.9798
vn -0.0037 -0.1850 0.9827
vn -0.2271 -0.9739 -0.0000
vn -0.9976 -0.0691 -0.0000
vn -0.0199 -0.9998 -0.0000
vn -0.0200 -0.9998 -0.0000
vn -0.9960 0.0892 -0.0000
vn 0.1249 -0.0291 0.9917
vn 0.1172 -0.0105 0.9930
vn 0.1172 -0.0105 0.9931
vn 0.1249 -0.0291 -0.9917
vn 0.1172 -0.0105 -0.9931
vn 0.0178 -0.1992 -0.9798
vn -0.0037 -0.1850 -0.9827
vn 0.4051 0.9143 -0.0000
vn -0.5868 0.0592 -0.8076
vn -0.3086 0.0592 -0.9493
vn -0.3089 0.0365 -0.9504
vn -0.5874 0.0365 -0.8085
vn -0.8085 0.0365 -0.5874
vn -0.9058 0.3047 -0.2943
vn -0.8496 0.3013 -0.4329
vn -0.8126 0.2417 -0.5303
vn -0.9367 0.2417 0.2533
vn -0.9418 0.3013 0.1492
vn -0.9524 0.3047 -0.0000
vn -0.9663 0.2574 -0.0000
vn -0.9190 0.2574 -0.2986
vn -0.8003 0.1464 -0.5815
vn -0.5745 0.2118 -0.7907
vn -0.5815 0.1464 -0.8003
vn -0.2534 0.2416 -0.9367
vn -0.3058 0.1464 -0.9408
vn -0.8076 0.0592 -0.5868
vn -0.9494 0.0592 -0.3085
vn -0.9504 0.0365 -0.3088
vn -0.9982 0.0592 -0.0000
vn -0.9993 0.0365 -0.0000
vn -0.9408 0.1464 -0.3057
vn -0.9892 0.1464 -0.0000
vn -0.9494 0.0592 0.3085
vn -0.9408 0.1464 0.3057
vn -0.8085 0.0365 0.5874
vn -0.8076 0.0592 0.5868
vn -0.9504 0.0365 0.3088
vn -0.5867 0.0592 0.8076
vn -0.5874 0.0365 0.8085
vn -0.3088 0.0365 0.9504
vn -0.7907 0.2118 0.5745
vn -0.5815 0.1464 0.8003
vn -0.8003 0.1464 0.5815
vn -0.5744 0.2118 0.7907
vn -0.3057 0.1464 0.9408
vn -0.3085 0.0592 0.9494
vn -0.0000 0.0592 0.9982
vn -0.0000 0.0365 0.9993
vn 0.3088 0.0365 0.9504
vn 0.3085 0.0592 0.9494
vn 0.7907 0.2118 0.5745
vn 0.5744 0.2118 0.7907
vn 0.5815 0.1464 0.8003
vn 0.3020 0.2118 0.9295
vn 0.3057 0.1464 0.9408
vn -0.0000 0.1464 0.9892
vn -0.0000 0.2118 0.9773
vn -0.3020 0.2118 0.9295
vn -0.4537 0.0397 0.8903
vn -0.5904 0.0227 0.8068
vn -0.4024 0.0001 0.9155
vn 0.4537 0.0397 0.8903
vn 0.4024 0.0001 0.9155
vn 0.5904 0.0227 0.8068
vn 0.7071 -0.0030 0.7071
vn 0.3519 -0.0000 0.9360
vn -0.0000 -0.0000 1.0000
vn -0.3519 -0.0000 0.9360
vn -0.7071 -0.0030 0.7071
vn -0.8068 0.0227 0.5904
vn -0.9155 0.0001 0.4024
vn -0.8903 0.0397 0.4536
vn 0.8903 0.0397 -0.4536
vn 0.9155 0.0001 -0.4024
vn 0.8068 0.0227 -0.5904
vn 0.8903 0.0397 0.4536
vn 0.8068 0.0227 0.5904
vn 0.9155 0.0001 0.4024
vn 0.9360 -0.0000 0.3519
vn 1.0000 -0.0000 -0.0000
vn 0.9360 -0.0000 -0.3519
vn 0.7071 -0.0030 -0.7071
vn 0.5904 0.0227 -0.8068
vn 0.4024 0.0001 -0.9155
vn 0.4536 0.0397 -0.8903
vn -0.4536 0.0397 -0.8903
vn -0.4024 0.0001 -0.9155
vn -0.5904 0.0227 -0.8068
vn 0.3519 -0.0000 -0.9360
vn -0.0000 -0.0000 -1.0000
vn -0.3519 -0.0000 -0.9360
vn -0.7071 -0.0030 -0.7071
vn -0.8068 0.0227 -0.5904
vn -0.9155 0.0001 -0.4024
vn -0.8903 0.0397 -0.4536
vn -0.9360 -0.0000 -0.3519
vn -1.0000 -0.0000 -0.0000
vn -0.9360 -0.0000 0.3519
vt 0.918771 0.871229
vt 0.913446 0.867209
vt 0.931729 0.868749
vt 0.925468 0.863021
vt 0.906663 0.863678
vt 0.916648 0.858072
vt 0.905037 0.854174
vt 0.898882 0.860809
vt 0.861375 0.863557
vt 0.864998 0.857981
vt 0.872447 0.864434
vt 0.872447 0.858571
vt 0.879896 0.857981
vt 0.883519 0.863557
vt 0.872644 0.789476
vt 0.877047 0.785155
vt 0.871127 0.794266
vt 0.872644 0.799055
vt 0.931609 0.799055
vt 0.927206 0.785155
vt 0.931609 0.789476
vt 0.933127 0.794266
vt 0.897696 0.907643
vt 0.905688 0.904911
vt 0.903008 0.914210
vt 0.914561 0.910907
vt 0.924317 0.906348
vt 0.912910 0.901589
vt 0.918491 0.897652
vt 0.931729 0.900528
vt 0.883520 0.906356
vt 0.879896 0.911932
vt 0.872447 0.905479
vt 0.872447 0.911342
vt 0.861375 0.906356
vt 0.864998 0.911932
vt 0.911479 0.844962
vt 0.904152 0.850005
vt 0.915332 0.839034
vt 0.894067 0.853668
vt 0.882211 0.855595
vt 0.840476 0.844962
vt 0.847803 0.850005
vt 0.857889 0.853668
vt 0.869744 0.855595
vt 0.915332 0.832801
vt 0.911479 0.826873
vt 0.904152 0.821830
vt 0.894067 0.818167
vt 0.847803 0.821830
vt 0.836624 0.839034
vt 0.836624 0.832801
vt 0.840476 0.826873
vt 0.882211 0.816240
vt 0.869745 0.816240
vt 0.857888 0.818167
vt 0.841009 0.853970
vt 0.845987 0.860801
vt 0.828853 0.857342
vt 0.837745 0.863382
vt 0.819067 0.861911
vt 0.830633 0.866876
vt 0.824913 0.870837
vt 0.811396 0.867846
vt 0.889267 0.774674
vt 0.879501 0.772206
vt 0.889267 0.767063
vt 0.871739 0.768351
vt 0.912885 0.774149
vt 0.904127 0.770870
vt 0.912885 0.765292
vt 0.897824 0.766398
vt 0.935277 0.841263
vt 0.935277 0.848953
vt 0.921164 0.841264
vt 0.916508 0.848957
vt 0.916508 0.821760
vt 0.935277 0.821764
vt 0.921164 0.829452
vt 0.935277 0.829454
vt 0.930420 0.810168
vt 0.922683 0.814037
vt 0.935387 0.805294
vt 0.912933 0.816521
vt 0.902127 0.817376
vt 0.891320 0.816521
vt 0.881570 0.814037
vt 0.873834 0.810168
vt 0.868866 0.805294
vt 0.935277 0.835358
vt 0.919293 0.835358
vt 0.873834 0.778838
vt 0.930420 0.778838
vt 0.932158 0.874749
vt 0.926984 0.881342
vt 0.923016 0.873264
vt 0.915832 0.879530
vt 0.992655 0.705761
vt 0.964656 0.705761
vt 0.964656 0.694595
vt 0.992655 0.694595
vt 0.964656 0.683430
vt 0.992655 0.683430
vt 0.992655 0.672264
vt 0.964656 0.672264
vt 0.937273 0.672264
vt 0.937273 0.683430
vt 0.937273 0.694595
vt 0.937273 0.705761
vt 0.937273 0.717673
vt 0.964656 0.717673
vt 0.937273 0.729586
vt 0.964656 0.729586
vt 0.937273 0.740752
vt 0.964656 0.740752
vt 0.992655 0.729586
vt 0.992655 0.740752
vt 0.937273 0.763083
vt 0.937273 0.751917
vt 0.964656 0.751917
vt 0.992655 0.751917
vt 0.992655 0.763083
vt 0.964656 0.763083
vt 0.964656 0.774996
vt 0.937273 0.774996
vt 0.937273 0.786908
vt 0.964656 0.786908
vt 0.937273 0.798074
vt 0.964656 0.798074
vt 0.992655 0.786908
vt 0.992655 0.798074
vt 0.992655 0.809239
vt 0.964656 0.809239
vt 0.992655 0.820405
vt 0.964656 0.820405
vt 0.937273 0.820405
vt 0.937273 0.809239
vt 0.964656 0.832318
vt 0.937273 0.832318
vt 0.964656 0.844230
vt 0.937273 0.844230
vt 0.937273 0.855396
vt 0.964656 0.855396
vt 0.992655 0.844230
vt 0.992655 0.855396
vt 0.992655 0.866561
vt 0.964656 0.866561
vt 0.992655 0.877727
vt 0.964656 0.877727
vt 0.937273 0.866561
vt 0.937273 0.877727
vt 0.964656 0.889639
vt 0.937273 0.889639
vt 0.964656 0.901552
vt 0.937273 0.901552
vt 0.851814 0.855394
vt 0.848843 0.859965
vt 0.848843 0.909948
vt 0.851814 0.914519
vt 0.832057 0.889079
vt 0.820905 0.887267
vt 0.833811 0.883543
vt 0.822085 0.883543
vt 0.820905 0.879818
vt 0.832057 0.878007
vt 0.915832 0.890602
vt 0.926984 0.888791
vt 0.923016 0.896868
vt 0.932158 0.895383
vt 0.893081 0.914519
vt 0.896051 0.909948
vt 0.912016 0.450344
vt 0.869902 0.450344
vt 0.869902 0.437365
vt 0.912016 0.437365
vt 0.912016 0.424858
vt 0.869902 0.424858
vt 0.869902 0.412350
vt 0.912016 0.412350
vt 0.945058 0.412350
vt 0.969810 0.437365
vt 0.969810 0.424858
vt 0.995209 0.437365
vt 0.995209 0.424858
vt 0.995209 0.412350
vt 0.969810 0.412350
vt 0.945058 0.424858
vt 0.945058 0.437365
vt 0.945058 0.450344
vt 0.912016 0.463323
vt 0.869902 0.463323
vt 0.912016 0.475831
vt 0.869902 0.475831
vt 0.912016 0.488338
vt 0.869902 0.488338
vt 0.995209 0.463323
vt 0.995209 0.475831
vt 0.969810 0.463323
vt 0.969810 0.475831
vt 0.995209 0.488338
vt 0.969810 0.488338
vt 0.995209 0.500846
vt 0.969810 0.500846
vt 0.912016 0.526804
vt 0.869902 0.526804
vt 0.869902 0.513825
vt 0.912016 0.513825
vt 0.912016 0.500846
vt 0.945058 0.513825
vt 0.945058 0.500846
vt 0.945058 0.488338
vt 0.945058 0.475831
vt 0.945058 0.463323
vt 0.969810 0.450344
vt 0.869902 0.500846
vt 0.925804 0.885066
vt 0.914078 0.885066
vt 0.824873 0.871741
vt 0.815731 0.873226
vt 0.810746 0.900018
vt 0.824556 0.897350
vt 0.817850 0.906139
vt 0.829877 0.901449
vt 0.827235 0.910943
vt 0.836694 0.905090
vt 0.844724 0.907870
vt 0.839108 0.914602
vt 0.815731 0.893860
vt 0.824873 0.895345
vt 0.896051 0.859965
vt 0.893081 0.855394
vt 0.805473 0.572449
vt 0.822868 0.571293
vt 0.808688 0.584540
vt 0.831672 0.584615
vt 0.804868 0.618779
vt 0.808399 0.606711
vt 0.822232 0.620049
vt 0.831383 0.606786
vt 0.867273 0.638266
vt 0.858438 0.647298
vt 0.837574 0.635434
vt 0.833273 0.643026
vt 0.859288 0.605313
vt 0.859536 0.586270
vt 0.866773 0.618799
vt 0.837229 0.622011
vt 0.857478 0.609883
vt 0.832541 0.614476
vt 0.784229 0.605068
vt 0.784477 0.586025
vt 0.821448 0.622112
vt 0.821792 0.635535
vt 0.912016 0.655181
vt 0.912016 0.668160
vt 0.869902 0.668160
vt 0.869902 0.655181
vt 0.869902 0.642202
vt 0.995209 0.629694
vt 0.995209 0.642202
vt 0.969810 0.642202
vt 0.969810 0.604679
vt 0.995209 0.604679
vt 0.995209 0.617187
vt 0.969810 0.617187
vt 0.969810 0.629694
vt 0.945058 0.642202
vt 0.969810 0.655181
vt 0.945058 0.655181
vt 0.969810 0.668160
vt 0.945058 0.668160
vt 0.912016 0.642202
vt 0.912016 0.629694
vt 0.869902 0.629694
vt 0.912016 0.617187
vt 0.869902 0.617187
vt 0.945058 0.629694
vt 0.945058 0.617187
vt 0.912016 0.604679
vt 0.945058 0.604679
vt 0.869902 0.591700
vt 0.912016 0.591700
vt 0.869902 0.604679
vt 0.912016 0.578721
vt 0.869902 0.578721
vt 0.869902 0.565742
vt 0.969810 0.591700
vt 0.945058 0.578721
vt 0.945058 0.591700
vt 0.969810 0.578721
vt 0.945058 0.565742
vt 0.912016 0.565742
vt 0.912016 0.552763
vt 0.869902 0.552763
vt 0.869902 0.539784
vt 0.912016 0.539784
vt 0.969810 0.513825
vt 0.969810 0.526804
vt 0.945058 0.526804
vt 0.969810 0.539784
vt 0.945058 0.539784
vt 0.945058 0.552763
vt 0.969810 0.552763
vt 0.969810 0.565742
vt 0.879372 0.896374
vt 0.871477 0.897021
vt 0.889166 0.893106
vt 0.853660 0.893194
vt 0.863476 0.896391
vt 0.895804 0.888220
vt 0.897224 0.884224
vt 0.896089 0.880284
vt 0.889822 0.875384
vt 0.854343 0.875428
vt 0.846250 0.884335
vt 0.847384 0.888282
vt 0.847677 0.880329
vt 0.864135 0.872177
vt 0.872024 0.871538
vt 0.880020 0.872177
vt 0.838856 0.878701
vt 0.839330 0.889847
vt 0.837163 0.884422
vt 0.860891 0.868181
vt 0.882636 0.900375
vt 0.860377 0.900820
vt 0.871829 0.901557
vt 0.904595 0.889842
vt 0.904125 0.878722
vt 0.906288 0.884136
vt 0.883136 0.867751
vt 0.871688 0.867006
s 1
usemtl dreads_armor
f 1397/705/215 1395/706/215 1396/707/215
f 1395/706/215 1394/708/215 1396/707/215
f 1395/706/215 1392/709/215 1394/708/215
f 1392/709/215 1393/710/215 1394/708/215
f 1393/710/215 1392/709/215 1390/711/215
f 1392/709/215 1391/712/215 1390/711/215
f 1389/713/215 1388/714/215 1384/715/215
f 1388/714/215 1387/716/215 1384/715/215
f 1387/716/215 1386/717/215 1384/715/215
f 1386/717/215 1385/718/215 1384/715/215
f 1383/719/216 1380/720/216 1382/721/216
f 1382/721/216 1380/720/216 1381/722/216
f 1381/722/216 1380/720/216 1377/723/216
f 1379/724/216 1377/723/216 1380/720/216
f 1376/725/216 1377/723/216 1379/724/216
f 1378/726/216 1377/723/216 1376/725/216
f 1375/727/215 1372/728/215 1374/729/215
f 1372/728/215 1373/730/215 1374/729/215
f 1373/730/215 1372/728/215 1368/731/215
f 1372/728/215 1371/732/215 1368/731/215
f 1371/732/215 1370/733/215 1368/731/215
f 1370/733/215 1369/734/215 1368/731/215
f 1367/735/215 1366/736/215 1365/737/215
f 1366/736/215 1364/738/215 1365/737/215
f 1365/737/215 1364/738/215 1362/739/215
f 1364/738/215 1363/740/215 1362/739/215
f 1361/741/215 1360/742/215 1352/743/215
f 1359/744/215 1352/743/215 1360/742/215
f 1351/745/215 1352/743/215 1359/744/215
f 1350/746/215 1351/745/215 1358/747/215
f 1358/747/215 1351/745/215 1356/748/215
f 1357/749/215 1356/748/215 1351/745/215
f 1355/750/215 1352/743/215 1354/751/215
f 1354/751/215 1352/743/215 1353/752/215
f 1353/752/215 1352/743/215 1346/753/215
f 1352/743/215 1351/745/215 1346/753/215
f 1346/753/215 1351/745/215 1342/754/215
f 1342/754/215 1351/745/215 1350/746/215
f 1349/755/215 1342/754/215 1350/746/215
f 1347/756/215 1342/754/215 1349/755/215
f 1348/757/217 1342/754/215 1347/756/215
f 1346/753/215 1342/754/215 1345/758/215
f 1345/758/215 1342/754/215 1343/759/215
f 1344/760/215 1343/759/215 1342/754/215
f 1341/761/215 1340/762/215 1339/763/215
f 1340/762/215 1338/764/215 1339/763/215
f 1339/763/215 1338/764/215 1334/765/215
f 1338/764/215 1337/766/215 1334/765/215
f 1337/766/215 1336/767/215 1334/765/215
f 1336/767/215 1335/768/215 1334/765/215
f 1333/769/216 1332/770/216 1330/771/216
f 1332/770/216 1331/772/216 1330/771/216
f 1329/773/216 1328/774/216 1326/775/216
f 1328/774/216 1327/776/216 1326/775/216
f 1325/777/218 1324/778/219 1322/779/220
f 1324/778/219 1323/780/221 1322/779/220
f 1321/781/222 1320/782/223 1318/783/224
f 1320/782/223 1319/784/225 1318/783/224
f 1317/785/216 1316/786/216 1310/787/216
f 1315/788/216 1310/787/216 1316/786/216
f 1314/789/216 1310/787/216 1315/788/216
f 1313/790/216 1310/787/216 1314/789/216
f 1312/791/216 1310/787/216 1313/790/216
f 1309/792/216 1310/787/216 1312/791/216
f 1311/793/216 1310/787/216 1309/792/216
f 1308/784/216 1305/794/216 1307/783/216
f 1305/794/216 1306/795/216 1307/783/216
f 1306/795/216 1305/794/216 1303/779/216
f 1305/794/216 1304/777/216 1303/779/216
f 1302/796/226 1301/797/226 1299/720/226
f 1301/797/226 1300/724/226 1299/720/226
f 1298/723/227 1297/787/227 1295/722/227
f 1297/787/227 1296/793/227 1295/722/227
f 1294/798/228 1293/799/228 1291/800/228
f 1293/799/228 1292/801/229 1291/800/228
f 1290/802/230 1279/803/231 1282/804/232
f 1289/805/233 1290/802/230 1282/804/232
f 1282/804/232 1284/806/234 1289/805/233
f 1284/806/234 1288/807/235 1289/805/233
f 1288/807/235 1284/806/234 1287/808/236
f 1284/806/234 1286/809/237 1287/808/236
f 1286/809/237 1284/806/234 1285/810/238
f 1284/806/234 1283/811/239 1285/810/238
f 1284/806/234 1282/804/232 1283/811/239
f 1282/804/232 1281/812/240 1283/811/239
f 1282/804/232 1279/803/231 1281/812/240
f 1279/803/231 1280/813/241 1281/812/240
f 1278/814/242 1280/813/241 1279/803/231
f 1277/815/242 1278/814/242 1279/803/231
f 1276/816/243 1278/814/242 1277/815/242
f 1275/817/244 1276/816/243 1277/815/242
f 1276/816/243 1275/817/244 1272/818/245
f 1275/817/244 1270/819/246 1272/818/245
f 1270/819/246 1275/817/244 1274/820/247
f 1271/821/248 1270/819/246 1274/820/247
f 1265/822/249 1273/823/250 1267/824/251
f 1267/824/251 1273/823/250 1270/819/246
f 1273/823/250 1272/818/245 1270/819/246
f 1270/819/246 1271/821/248 1269/825/252
f 1267/824/251 1270/819/246 1269/825/252
f 1269/825/252 1268/826/253 1267/824/251
f 1268/826/253 1266/827/254 1267/824/251
f 1266/827/254 1265/822/249 1267/824/251
f 1266/827/254 1263/828/255 1265/822/249
f 1263/828/255 1264/829/255 1265/822/249
f 1264/829/255 1263/828/255 1262/830/256
f 1263/828/255 1261/831/257 1262/830/256
f 1255/832/258 1262/830/256 1261/831/257
f 1256/833/259 1255/832/258 1261/831/257
f 1256/833/259 1261/831/257 1260/834/260
f 1259/835/261 1256/833/259 1260/834/260
f 1256/833/259 1259/835/261 1258/836/262
f 1253/837/263 1256/833/259 1258/836/262
f 1258/836/262 1257/838/264 1253/837/263
f 1257/838/264 1252/839/265 1253/837/263
f 1252/839/265 1251/840/266 1253/837/263
f 1256/833/259 1253/837/263 1255/832/258
f 1253/837/263 1254/841/267 1255/832/258
f 1251/840/266 1254/841/267 1253/837/263
f 1251/840/266 1252/839/265 1250/842/268
f 1249/843/268 1251/840/266 1250/842/268
f 1249/843/268 1250/842/268 1247/844/269
f 1248/845/270 1249/843/268 1247/844/269
f 1234/846/271 1248/845/270 1247/844/269
f 1233/847/272 1234/846/271 1247/844/269
f 1233/847/272 1247/844/269 1246/848/273
f 1245/849/274 1233/847/272 1246/848/273
f 1245/849/274 1244/850/275 1233/847/272
f 1244/850/275 1236/851/276 1233/847/272
f 1244/850/275 1243/852/277 1236/851/276
f 1243/852/277 1242/853/278 1236/851/276
f 1236/851/276 1242/853/278 1235/854/279
f 1242/853/278 1241/855/280 1235/854/279
f 1241/855/280 1242/853/278 1240/856/281
f 1237/857/281 1241/855/280 1240/856/281
f 1240/856/281 1239/858/282 1237/857/281
f 1239/858/282 1238/859/283 1237/857/281
f 1236/851/276 1235/854/279 1233/847/272
f 1235/854/279 1234/846/271 1233/847/272
f 1232/860/284 1231/714/284 1229/861/284
f 1231/714/284 1230/713/284 1229/861/284
f 1228/739/285 1227/740/285 1225/862/285
f 1227/740/285 1226/863/285 1225/862/285
f 1224/864/215 1223/865/215 1219/866/215
f 1223/865/215 1222/867/215 1219/866/215
f 1222/867/215 1221/868/215 1219/866/215
f 1221/868/215 1220/869/215 1219/866/215
f 1218/870/286 1217/871/286 1215/872/286
f 1217/871/286 1216/873/286 1215/872/286
f 1214/874/287 1213/736/287 1211/875/287
f 1213/736/287 1212/735/287 1211/875/287
f 1199/876/288 1198/877/289 1210/878/290
f 1200/879/291 1199/876/288 1210/878/290
f 1200/879/291 1210/878/290 1201/880/292
f 1210/878/290 1209/881/293 1201/880/292
f 1209/881/293 1208/882/294 1201/880/292
f 1208/882/294 1207/883/295 1201/880/292
f 1207/883/295 1202/884/296 1201/880/292
f 1185/885/297 1186/886/298 1206/887/299
f 1186/886/298 1205/888/300 1206/887/299
f 1204/889/301 1205/888/300 1186/886/298
f 1203/890/302 1204/889/301 1186/886/298
f 1203/890/302 1186/886/298 1184/891/303
f 1202/884/296 1203/890/302 1184/891/303
f 1202/884/296 1184/891/303 1201/880/292
f 1184/891/303 1187/892/304 1201/880/292
f 1187/892/304 1200/879/291 1201/880/292
f 1200/879/291 1187/892/304 1177/893/305
f 1199/876/288 1200/879/291 1177/893/305
f 1199/876/288 1177/893/305 1175/894/306
f 1199/876/288 1175/894/306 1198/877/289
f 1175/894/306 1197/895/307 1198/877/289
f 1197/895/307 1175/894/306 1178/896/308
f 1196/897/309 1197/895/307 1178/896/308
f 1178/896/308 1180/898/310 1196/897/309
f 1180/898/310 1181/899/311 1196/897/309
f 1195/900/312 1194/901/313 1189/902/314
f 1194/901/313 1190/903/315 1189/902/314
f 1194/901/313 1193/904/316 1190/903/315
f 1193/904/316 1191/905/317 1190/903/315
f 1193/904/316 1192/906/318 1191/905/317
f 1192/906/318 961/907/319 1191/905/317
f 957/908/320 963/909/321 1183/910/322
f 958/911/323 957/908/320 1183/910/322
f 1172/912/324 958/911/323 1183/910/322
f 958/911/323 1172/912/324 959/913/325
f 1172/912/324 1173/914/326 959/913/325
f 1173/914/326 961/907/319 959/913/325
f 961/907/319 1173/914/326 1174/915/327
f 1191/905/317 961/907/319 1174/915/327
f 1174/915/327 1179/916/328 1191/905/317
f 1179/916/328 1190/903/315 1191/905/317
f 1179/916/328 1176/917/329 1190/903/315
f 1176/917/329 1189/902/314 1190/903/315
f 1189/902/314 1176/917/329 1177/893/305
f 1188/918/330 1189/902/314 1177/893/305
f 1188/918/330 1177/893/305 1185/885/297
f 1177/893/305 1187/892/304 1185/885/297
f 1185/885/297 1187/892/304 1184/891/303
f 1186/886/298 1185/885/297 1184/891/303
f 1182/919/331 1172/912/324 1183/910/322
f 1182/919/331 1181/899/311 1172/912/324
f 1181/899/311 1180/898/310 1172/912/324
f 1180/898/310 1174/915/327 1172/912/324
f 1174/915/327 1180/898/310 1178/896/308
f 1179/916/328 1174/915/327 1178/896/308
f 1176/917/329 1179/916/328 1178/896/308
f 1175/894/306 1176/917/329 1178/896/308
f 1177/893/305 1176/917/329 1175/894/306
f 1174/915/327 1173/914/326 1172/912/324
f 1171/799/215 1169/920/215 1170/801/215
f 1169/920/215 1166/921/215 1170/801/215
f 1169/920/215 1168/871/215 1166/921/215
f 1168/871/215 1167/870/215 1166/921/215
f 1165/869/332 1164/868/332 1162/922/332
f 1164/868/332 1163/923/332 1162/922/332
f 1161/924/215 1160/925/215 1159/926/215
f 1160/925/215 1158/927/215 1159/926/215
f 1159/926/215 1158/927/215 1154/928/215
f 1158/927/215 1157/929/215 1154/928/215
f 1157/929/215 1156/930/215 1154/928/215
f 1156/930/215 1155/931/215 1154/928/215
f 1153/932/333 1152/865/333 1150/933/333
f 1152/865/333 1151/864/333 1150/933/333
f 1149/718/334 1148/717/334 1146/934/334
f 1148/717/334 1147/935/334 1146/934/334
f 1145/936/335 1144/937/336 1142/938/336
f 1144/937/336 1143/939/336 1142/938/336
f 1141/940/337 1140/941/338 1138/942/338
f 1140/941/338 1139/943/338 1138/942/338
f 1137/944/339 1136/945/340 1134/946/340
f 1136/945/340 1135/947/340 1134/946/340
f 1133/943/341 1132/939/341 1130/948/341
f 1132/939/341 1131/949/341 1130/948/341
f 1129/950/342 1128/951/343 1126/952/343
f 1128/951/343 1127/953/343 1126/952/343
f 1125/941/344 1124/954/344 1122/938/344
f 1124/954/344 1123/955/344 1122/938/344
f 1121/951/345 1120/950/345 1118/946/345
f 1120/950/345 1119/944/345 1118/946/345
f 1117/951/346 1116/946/346 1114/956/346
f 1116/946/346 1115/957/346 1114/956/346
f 1113/943/347 1112/941/347 1110/939/347
f 1112/941/347 1111/938/347 1110/939/347
f 1109/950/348 1108/951/349 1106/952/349
f 1108/951/349 1107/953/349 1106/952/349
f 1105/941/350 1104/954/350 1102/938/350
f 1104/954/350 1103/955/350 1102/938/350
f 1101/946/351 1100/951/351 1098/944/351
f 1100/951/351 1099/950/351 1098/944/351
f 1097/951/352 1096/946/352 1094/956/352
f 1096/946/352 1095/957/352 1094/956/352
f 1093/941/353 1092/938/353 1090/943/353
f 1092/938/353 1091/939/353 1090/943/353
f 1089/936/354 1088/937/355 1086/938/355
f 1088/937/355 1087/939/355 1086/938/355
f 1085/940/356 1084/941/357 1082/942/357
f 1084/941/357 1083/943/358 1082/942/357
f 1081/944/359 1080/945/360 1078/946/360
f 1080/945/360 1079/947/360 1078/946/360
f 1077/943/361 1076/939/361 1074/948/361
f 1076/939/361 1075/949/361 1074/948/361
f 1073/950/362 1072/951/363 1070/952/363
f 1072/951/363 1071/953/363 1070/952/363
f 1069/941/364 1068/954/364 1066/938/364
f 1068/954/364 1067/955/364 1066/938/364
f 1065/951/365 1064/950/365 1062/946/365
f 1064/950/365 1063/944/365 1062/946/365
f 1061/951/366 1060/946/366 1058/956/366
f 1060/946/366 1059/957/366 1058/956/366
f 1057/941/367 1056/938/367 1054/943/367
f 1056/938/367 1055/939/367 1054/943/367
f 1053/936/368 1052/937/369 1050/938/369
f 1052/937/369 1051/939/369 1050/938/369
f 1049/940/370 1048/941/371 1046/942/371
f 1048/941/371 1047/943/372 1046/942/371
f 1045/944/373 1044/945/374 1042/946/374
f 1044/945/374 1043/947/374 1042/946/374
f 1041/943/375 1040/939/375 1038/948/375
f 1040/939/375 1039/949/375 1038/948/375
f 1037/950/376 1036/951/377 1034/952/377
f 1036/951/377 1035/953/377 1034/952/377
f 1033/941/378 1032/954/378 1030/938/378
f 1032/954/378 1031/955/378 1030/938/378
f 1029/946/379 1028/951/379 1026/944/379
f 1028/951/379 1027/950/379 1026/944/379
f 1025/951/380 1024/946/381 1022/956/381
f 1024/946/381 1023/957/381 1022/956/381
f 1021/943/382 1020/941/382 1018/939/382
f 1020/941/382 1019/938/382 1018/939/382
f 1017/936/383 1016/937/384 1014/938/384
f 1016/937/384 1015/939/385 1014/938/384
f 1013/940/386 1012/941/387 1010/942/387
f 1012/941/387 1011/943/387 1010/942/387
f 1009/944/388 1008/945/389 1006/946/389
f 1008/945/389 1007/947/389 1006/946/389
f 1005/943/390 1004/939/390 1002/948/390
f 1004/939/390 1003/949/390 1002/948/390
f 990/958/391 991/959/392 1001/960/393
f 1000/961/394 990/958/391 1001/960/393
f 990/958/391 1000/961/394 989/962/395
f 996/963/396 999/964/397 995/965/398
f 977/966/399 998/967/400 997/968/401
f 981/969/402 977/966/399 997/968/401
f 981/969/402 997/968/401 996/963/396
f 987/970/403 981/969/402 996/963/396
f 987/970/403 996/963/396 995/965/398
f 987/970/403 995/965/398 984/971/404
f 984/971/404 995/965/398 994/972/405
f 986/973/406 984/971/404 994/972/405
f 994/972/405 993/974/407 986/973/406
f 993/974/407 992/975/408 986/973/406
f 992/975/408 991/959/392 986/973/406
f 991/959/392 990/958/391 986/973/406
f 986/973/406 990/958/391 985/976/409
f 985/976/409 990/958/391 989/962/395
f 983/977/410 985/976/409 989/962/395
f 988/978/411 983/977/410 989/962/395
f 983/977/410 988/978/411 976/979/412
f 988/978/411 975/980/413 976/979/412
f 982/981/414 987/970/403 984/971/404
f 982/981/414 980/982/415 987/970/403
f 980/982/415 981/969/402 987/970/403
f 984/971/404 986/973/406 985/976/409
f 984/971/404 985/976/409 983/977/410
f 982/981/414 984/971/404 983/977/410
f 983/977/410 976/979/412 982/981/414
f 976/979/412 980/982/415 982/981/414
f 976/979/412 973/983/416 980/982/415
f 973/983/416 971/984/417 980/982/415
f 971/984/417 977/966/399 980/982/415
f 977/966/399 981/969/402 980/982/415
f 979/985/418 972/986/419 974/987/420
f 967/988/421 972/986/419 979/985/418
f 978/989/422 967/988/421 979/985/418
f 967/988/421 978/989/422 966/990/423
f 969/991/424 977/966/399 971/984/417
f 968/992/425 970/993/426 967/988/421
f 970/993/426 972/986/419 967/988/421
f 973/983/416 976/979/412 975/980/413
f 974/987/420 973/983/416 975/980/413
f 972/986/419 973/983/416 974/987/420
f 971/984/417 973/983/416 972/986/419
f 970/993/426 971/984/417 972/986/419
f 970/993/426 969/991/424 971/984/417
f 970/993/426 968/992/425 969/991/424
f 968/992/425 951/994/427 969/991/424
f 968/992/425 947/995/428 951/994/427
f 968/992/425 967/988/421 947/995/428
f 967/988/421 946/996/429 947/995/428
f 946/996/429 967/988/421 966/990/423
f 949/997/430 946/996/429 966/990/423
f 965/998/431 949/997/430 966/990/423
f 949/997/430 965/998/431 964/999/432
f 950/1000/433 949/997/430 964/999/432
f 950/1000/433 964/999/432 963/909/321
f 957/908/320 950/1000/433 963/909/321
f 960/1001/434 962/1002/435 956/1003/436
f 956/1003/436 962/1002/435 954/1004/437
f 955/1005/438 956/1003/436 954/1004/437
f 961/907/319 960/1001/434 959/913/325
f 959/913/325 960/1001/434 956/1003/436
f 958/911/323 959/913/325 956/1003/436
f 957/908/320 958/911/323 956/1003/436
f 957/908/320 956/1003/436 950/1000/433
f 956/1003/436 955/1005/438 950/1000/433
f 955/1005/438 948/1006/439 950/1000/433
f 955/1005/438 954/1004/437 948/1006/439
f 954/1004/437 953/1007/440 948/1006/439
f 948/1006/439 953/1007/440 947/995/428
f 953/1007/440 952/1008/441 947/995/428
f 947/995/428 952/1008/441 951/994/427
f 948/1006/439 949/997/430 950/1000/433
f 949/997/430 948/1006/439 946/996/429
f 948/1006/439 947/995/428 946/996/429
f 945/1009/215 943/1010/215 939/1011/215
f 943/1010/215 937/1012/215 939/1011/215
f 944/1013/215 937/1012/215 943/1010/215
f 942/1014/215 939/1011/215 940/1015/215
f 941/1016/215 940/1015/215 931/1017/215
f 939/1011/215 931/1017/215 940/1015/215
f 933/1018/215 931/1017/215 939/1011/215
f 937/1012/215 933/1018/215 939/1011/215
f 935/1019/215 933/1018/215 937/1012/215
f 938/1020/215 935/1019/215 937/1012/215
f 936/1021/215 933/1018/215 935/1019/215
f 934/1022/215 930/1023/215 933/1018/215
f 930/1023/215 931/1017/215 933/1018/215
f 932/1024/215 931/1017/215 930/1023/215
f 929/767/442 921/766/443 922/1025/444
f 928/925/445 927/1026/446 916/927/447
f 927/1026/446 914/1012/448 916/927/447
f 927/1026/446 926/1020/449 914/1012/448
f 926/1020/449 927/1026/446 925/1027/450
f 924/1019/450 926/1020/449 925/1027/450
f 924/1019/450 925/1027/450 922/1025/444
f 923/1021/451 924/1019/450 922/1025/444
f 886/1018/452 923/1021/451 922/1025/444
f 922/1025/444 921/766/443 886/1018/452
f 919/764/453 886/1018/452 921/766/443
f 886/1018/452 919/764/453 888/1028/454
f 920/762/455 888/1028/454 919/764/453
f 918/727/456 908/1029/457 907/728/458
f 917/930/459 915/929/460 912/1030/461
f 916/927/447 914/1012/448 915/929/460
f 912/1030/461 915/929/460 914/1012/448
f 914/1012/448 913/1013/462 912/1030/461
f 913/1013/462 911/1010/463 912/1030/461
f 911/1010/463 910/1031/463 912/1030/461
f 911/1010/463 909/1009/464 910/1031/463
f 909/1009/464 908/1029/457 910/1031/463
f 908/1029/457 909/1009/464 903/1011/465
f 903/1011/465 907/728/458 908/1029/457
f 907/728/458 903/1011/465 905/732/466
f 901/1032/467 905/732/466 903/1011/465
f 906/733/468 905/732/466 901/1032/467
f 904/705/469 897/1033/470 896/706/471
f 903/1011/465 902/1014/472 901/1032/467
f 902/1014/472 900/1015/473 901/1032/467
f 900/1015/473 899/1034/473 901/1032/467
f 900/1015/473 898/1016/474 899/1034/473
f 898/1016/474 897/1033/470 899/1034/473
f 897/1033/470 898/1016/474 893/1017/475
f 893/1017/475 896/706/471 897/1033/470
f 896/706/471 893/1017/475 894/709/476
f 891/1035/477 894/709/476 893/1017/475
f 895/712/478 894/709/476 891/1035/477
f 893/1017/475 892/1024/479 891/1035/477
f 892/1024/479 890/1023/480 891/1035/477
f 890/1023/480 889/1036/480 891/1035/477
f 890/1023/480 887/1022/481 889/1036/480
f 887/1022/481 888/1028/454 889/1036/480
f 888/1028/454 887/1022/481 886/1018/452
